-- phpMyAdmin SQL Dump
-- version 5.2.1
-- https://www.phpmyadmin.net/
--
-- Host: localhost
-- Generation Time: Oct 06, 2023 at 10:00 PM
-- Server version: 10.4.28-MariaDB
-- PHP Version: 8.2.4

SET SQL_MODE = "NO_AUTO_VALUE_ON_ZERO";
START TRANSACTION;
SET time_zone = "+00:00";


/*!40101 SET @OLD_CHARACTER_SET_CLIENT=@@CHARACTER_SET_CLIENT */;
/*!40101 SET @OLD_CHARACTER_SET_RESULTS=@@CHARACTER_SET_RESULTS */;
/*!40101 SET @OLD_COLLATION_CONNECTION=@@COLLATION_CONNECTION */;
/*!40101 SET NAMES utf8mb4 */;

--
-- Database: `school_app`
--

-- --------------------------------------------------------

--
-- Table structure for table `blood_groups`
--

CREATE TABLE `blood_groups` (
  `id` int(10) UNSIGNED NOT NULL,
  `name` varchar(255) NOT NULL,
  `created_at` timestamp NULL DEFAULT NULL,
  `updated_at` timestamp NULL DEFAULT NULL
) ENGINE=InnoDB DEFAULT CHARSET=utf8mb4 COLLATE=utf8mb4_unicode_ci;

--
-- Dumping data for table `blood_groups`
--

INSERT INTO `blood_groups` (`id`, `name`, `created_at`, `updated_at`) VALUES
(1, 'O-', '2022-04-29 07:06:39', '2022-04-29 07:06:39'),
(2, 'O+', '2022-04-29 07:06:39', '2022-04-29 07:06:39'),
(3, 'A+', '2022-04-29 07:06:39', '2022-04-29 07:06:39'),
(4, 'A-', '2022-04-29 07:06:39', '2022-04-29 07:06:39'),
(5, 'B+', '2022-04-29 07:06:39', '2022-04-29 07:06:39'),
(6, 'B-', '2022-04-29 07:06:39', '2022-04-29 07:06:39'),
(7, 'AB+', '2022-04-29 07:06:39', '2022-04-29 07:06:39'),
(8, 'AB-', '2022-04-29 07:06:39', '2022-04-29 07:06:39');

-- --------------------------------------------------------

--
-- Table structure for table `books`
--

CREATE TABLE `books` (
  `id` int(10) UNSIGNED NOT NULL,
  `name` varchar(100) NOT NULL,
  `my_class_id` int(10) UNSIGNED DEFAULT NULL,
  `description` varchar(255) DEFAULT NULL,
  `author` varchar(255) DEFAULT NULL,
  `book_type` varchar(255) DEFAULT NULL,
  `url` varchar(255) DEFAULT NULL,
  `location` varchar(255) DEFAULT NULL,
  `total_copies` int(11) DEFAULT NULL,
  `issued_copies` int(11) DEFAULT NULL,
  `created_at` timestamp NULL DEFAULT NULL,
  `updated_at` timestamp NULL DEFAULT NULL
) ENGINE=InnoDB DEFAULT CHARSET=utf8mb4 COLLATE=utf8mb4_unicode_ci;

-- --------------------------------------------------------

--
-- Table structure for table `book_requests`
--

CREATE TABLE `book_requests` (
  `id` int(10) UNSIGNED NOT NULL,
  `book_id` int(10) UNSIGNED NOT NULL,
  `user_id` int(10) UNSIGNED NOT NULL,
  `start_date` varchar(255) NOT NULL,
  `end_date` varchar(255) NOT NULL,
  `returned` varchar(255) NOT NULL DEFAULT '0',
  `status` varchar(255) DEFAULT NULL,
  `created_at` timestamp NULL DEFAULT NULL,
  `updated_at` timestamp NULL DEFAULT NULL
) ENGINE=InnoDB DEFAULT CHARSET=utf8mb4 COLLATE=utf8mb4_unicode_ci;

-- --------------------------------------------------------

--
-- Table structure for table `class_types`
--

CREATE TABLE `class_types` (
  `id` int(10) UNSIGNED NOT NULL,
  `name` varchar(255) NOT NULL,
  `code` varchar(255) NOT NULL,
  `created_at` timestamp NULL DEFAULT NULL,
  `updated_at` timestamp NULL DEFAULT NULL
) ENGINE=InnoDB DEFAULT CHARSET=utf8mb4 COLLATE=utf8mb4_unicode_ci;

--
-- Dumping data for table `class_types`
--

INSERT INTO `class_types` (`id`, `name`, `code`, `created_at`, `updated_at`) VALUES
(3, 'Nursery', 'N', NULL, NULL),
(4, 'Primary', 'P', NULL, NULL),
(5, 'Secondary', 'S', NULL, NULL);

-- --------------------------------------------------------

--
-- Table structure for table `dorms`
--

CREATE TABLE `dorms` (
  `id` int(10) UNSIGNED NOT NULL,
  `name` varchar(100) NOT NULL,
  `description` varchar(255) DEFAULT NULL,
  `created_at` timestamp NULL DEFAULT NULL,
  `updated_at` timestamp NULL DEFAULT NULL
) ENGINE=InnoDB DEFAULT CHARSET=utf8mb4 COLLATE=utf8mb4_unicode_ci;

--
-- Dumping data for table `dorms`
--

INSERT INTO `dorms` (`id`, `name`, `description`, `created_at`, `updated_at`) VALUES
(1, 'Faith Hostel', NULL, NULL, NULL),
(2, 'Peace Hostel', NULL, NULL, NULL),
(3, 'Grace Hostel', NULL, NULL, NULL),
(4, 'Success Hostel', NULL, NULL, NULL),
(5, 'Trust Hostel', NULL, NULL, NULL);

-- --------------------------------------------------------

--
-- Table structure for table `exams`
--

CREATE TABLE `exams` (
  `id` int(10) UNSIGNED NOT NULL,
  `name` varchar(255) NOT NULL,
  `term` tinyint(4) NOT NULL,
  `year` varchar(40) NOT NULL,
  `created_at` timestamp NULL DEFAULT NULL,
  `updated_at` timestamp NULL DEFAULT NULL
) ENGINE=InnoDB DEFAULT CHARSET=utf8mb4 COLLATE=utf8mb4_unicode_ci;

--
-- Dumping data for table `exams`
--

INSERT INTO `exams` (`id`, `name`, `term`, `year`, `created_at`, `updated_at`) VALUES
(1, 'mid term', 1, '2022-2023', '2022-05-06 04:53:36', '2022-05-06 04:53:36'),
(6, 'class  seven monthly', 1, '2022-2023', '2022-06-24 17:48:41', '2022-06-24 17:56:58'),
(8, 'class four  monthly', 1, '2022-2023', '2022-06-24 17:55:38', '2022-06-24 17:55:38'),
(9, 'mid term exams', 1, '2022-2023', '2022-06-24 17:55:56', '2022-06-24 17:55:56'),
(10, 'terminal exams', 1, '2022-2023', '2022-06-24 17:56:10', '2022-06-24 17:56:10'),
(11, 'annual exams', 1, '2022-2023', '2022-06-24 17:56:25', '2022-06-24 17:56:25'),
(12, 'interschool exams', 1, '2022-2023', '2022-06-24 17:56:33', '2022-06-24 17:56:33'),
(13, 'mock exams', 1, '2022-2023', '2022-06-24 17:56:45', '2022-06-24 17:56:45');

-- --------------------------------------------------------

--
-- Table structure for table `exam_records`
--

CREATE TABLE `exam_records` (
  `id` int(10) UNSIGNED NOT NULL,
  `exam_id` int(10) UNSIGNED NOT NULL,
  `student_id` int(10) UNSIGNED NOT NULL,
  `my_class_id` int(10) UNSIGNED NOT NULL,
  `section_id` int(10) UNSIGNED NOT NULL,
  `total` int(11) DEFAULT NULL,
  `ave` varchar(255) DEFAULT NULL,
  `class_ave` varchar(255) DEFAULT NULL,
  `pos` int(11) DEFAULT NULL,
  `af` varchar(255) DEFAULT NULL,
  `ps` varchar(255) DEFAULT NULL,
  `p_comment` varchar(255) DEFAULT NULL,
  `t_comment` varchar(255) DEFAULT NULL,
  `year` varchar(255) NOT NULL,
  `created_at` timestamp NULL DEFAULT NULL,
  `updated_at` timestamp NULL DEFAULT NULL
) ENGINE=InnoDB DEFAULT CHARSET=utf8mb4 COLLATE=utf8mb4_unicode_ci;

--
-- Dumping data for table `exam_records`
--

INSERT INTO `exam_records` (`id`, `exam_id`, `student_id`, `my_class_id`, `section_id`, `total`, `ave`, `class_ave`, `pos`, `af`, `ps`, `p_comment`, `t_comment`, `year`, `created_at`, `updated_at`) VALUES
(2, 1, 82, 22, 28, 0, '0', '0', 1, NULL, NULL, NULL, NULL, '2022-2023', '2022-06-24 17:57:19', '2022-06-24 18:21:47'),
(3, 1, 83, 22, 28, 0, '0', '0', 1, NULL, NULL, NULL, NULL, '2022-2023', '2022-06-24 17:57:19', '2022-06-24 18:21:47'),
(4, 1, 84, 16, 22, 0, '0', '0', 1, NULL, NULL, NULL, NULL, '2022-2023', '2022-06-24 18:15:26', '2022-06-24 18:16:48'),
(5, 6, 82, 22, 28, 0, '0', '0', 1, NULL, NULL, NULL, NULL, '2022-2023', '2022-06-24 21:37:37', '2022-06-25 09:09:41'),
(6, 6, 83, 22, 28, 0, '0', '0', 1, NULL, NULL, NULL, NULL, '2022-2023', '2022-06-24 21:37:37', '2022-06-25 09:09:41');

-- --------------------------------------------------------

--
-- Table structure for table `grades`
--

CREATE TABLE `grades` (
  `id` int(10) UNSIGNED NOT NULL,
  `name` varchar(40) NOT NULL,
  `class_type_id` int(10) UNSIGNED DEFAULT NULL,
  `mark_from` tinyint(4) NOT NULL,
  `mark_to` tinyint(4) NOT NULL,
  `remark` varchar(40) DEFAULT NULL,
  `created_at` timestamp NULL DEFAULT NULL,
  `updated_at` timestamp NULL DEFAULT NULL
) ENGINE=InnoDB DEFAULT CHARSET=utf8mb4 COLLATE=utf8mb4_unicode_ci;

--
-- Dumping data for table `grades`
--

INSERT INTO `grades` (`id`, `name`, `class_type_id`, `mark_from`, `mark_to`, `remark`, `created_at`, `updated_at`) VALUES
(1, 'A', NULL, 70, 100, 'Excellent', NULL, NULL),
(2, 'B', NULL, 60, 69, 'Very Good', NULL, NULL),
(3, 'C', NULL, 50, 59, 'Good', NULL, NULL),
(4, 'D', NULL, 45, 49, 'Pass', NULL, NULL),
(5, 'E', NULL, 40, 44, 'Poor', NULL, NULL),
(6, 'F', NULL, 0, 39, 'Fail', NULL, NULL);

-- --------------------------------------------------------

--
-- Table structure for table `lgas`
--

CREATE TABLE `lgas` (
  `id` int(10) UNSIGNED NOT NULL,
  `state_id` int(10) UNSIGNED NOT NULL,
  `name` varchar(255) NOT NULL,
  `created_at` timestamp NULL DEFAULT NULL,
  `updated_at` timestamp NULL DEFAULT NULL
) ENGINE=InnoDB DEFAULT CHARSET=utf8mb4 COLLATE=utf8mb4_unicode_ci;

--
-- Dumping data for table `lgas`
--

INSERT INTO `lgas` (`id`, `state_id`, `name`, `created_at`, `updated_at`) VALUES
(1, 1, 'Aba North', '2022-04-29 07:06:53', '2022-04-29 07:06:53'),
(2, 1, 'Aba South', '2022-04-29 07:06:54', '2022-04-29 07:06:54'),
(3, 1, 'Arochukwu', '2022-04-29 07:06:54', '2022-04-29 07:06:54'),
(4, 1, 'Bende', '2022-04-29 07:06:54', '2022-04-29 07:06:54'),
(5, 1, 'Ikwuano', '2022-04-29 07:06:54', '2022-04-29 07:06:54'),
(6, 1, 'Isiala Ngwa North', '2022-04-29 07:06:54', '2022-04-29 07:06:54'),
(7, 1, 'Isiala Ngwa South', '2022-04-29 07:06:54', '2022-04-29 07:06:54'),
(8, 1, 'Isuikwuato', '2022-04-29 07:06:54', '2022-04-29 07:06:54'),
(9, 1, 'Obi Ngwa', '2022-04-29 07:06:54', '2022-04-29 07:06:54'),
(10, 1, 'Ohafia', '2022-04-29 07:06:54', '2022-04-29 07:06:54'),
(11, 1, 'Osisioma', '2022-04-29 07:06:54', '2022-04-29 07:06:54'),
(12, 1, 'Ugwunagbo', '2022-04-29 07:06:54', '2022-04-29 07:06:54'),
(13, 1, 'Ukwa East', '2022-04-29 07:06:54', '2022-04-29 07:06:54'),
(14, 1, 'Ukwa West', '2022-04-29 07:06:54', '2022-04-29 07:06:54'),
(15, 1, 'Umuahia North', '2022-04-29 07:06:54', '2022-04-29 07:06:54'),
(16, 1, 'Umuahia South', '2022-04-29 07:06:54', '2022-04-29 07:06:54'),
(17, 1, 'Umu Nneochi', '2022-04-29 07:06:54', '2022-04-29 07:06:54'),
(18, 2, 'Demsa', '2022-04-29 07:06:55', '2022-04-29 07:06:55'),
(19, 2, 'Fufure', '2022-04-29 07:06:55', '2022-04-29 07:06:55'),
(20, 2, 'Ganye', '2022-04-29 07:06:55', '2022-04-29 07:06:55'),
(21, 2, 'Gayuk', '2022-04-29 07:06:55', '2022-04-29 07:06:55'),
(22, 2, 'Gombi', '2022-04-29 07:06:55', '2022-04-29 07:06:55'),
(23, 2, 'Grie', '2022-04-29 07:06:55', '2022-04-29 07:06:55'),
(24, 2, 'Hong', '2022-04-29 07:06:55', '2022-04-29 07:06:55'),
(25, 2, 'Jada', '2022-04-29 07:06:55', '2022-04-29 07:06:55'),
(26, 2, 'Larmurde', '2022-04-29 07:06:55', '2022-04-29 07:06:55'),
(27, 2, 'Madagali', '2022-04-29 07:06:55', '2022-04-29 07:06:55'),
(28, 2, 'Maiha', '2022-04-29 07:06:55', '2022-04-29 07:06:55'),
(29, 2, 'Mayo Belwa', '2022-04-29 07:06:55', '2022-04-29 07:06:55'),
(30, 2, 'Michika', '2022-04-29 07:06:55', '2022-04-29 07:06:55'),
(31, 2, 'Mubi North', '2022-04-29 07:06:55', '2022-04-29 07:06:55'),
(32, 2, 'Mubi South', '2022-04-29 07:06:55', '2022-04-29 07:06:55'),
(33, 2, 'Numan', '2022-04-29 07:06:55', '2022-04-29 07:06:55'),
(34, 2, 'Shelleng', '2022-04-29 07:06:55', '2022-04-29 07:06:55'),
(35, 2, 'Song', '2022-04-29 07:06:55', '2022-04-29 07:06:55'),
(36, 2, 'Toungo', '2022-04-29 07:06:56', '2022-04-29 07:06:56'),
(37, 2, 'Yola North', '2022-04-29 07:06:56', '2022-04-29 07:06:56'),
(38, 2, 'Yola South', '2022-04-29 07:06:56', '2022-04-29 07:06:56'),
(39, 3, 'Abak', '2022-04-29 07:06:56', '2022-04-29 07:06:56'),
(40, 3, 'Eastern Obolo', '2022-04-29 07:06:56', '2022-04-29 07:06:56'),
(41, 3, 'Eket', '2022-04-29 07:06:56', '2022-04-29 07:06:56'),
(42, 3, 'Esit Eket', '2022-04-29 07:06:56', '2022-04-29 07:06:56'),
(43, 3, 'Essien Udim', '2022-04-29 07:06:56', '2022-04-29 07:06:56'),
(44, 3, 'Etim Ekpo', '2022-04-29 07:06:56', '2022-04-29 07:06:56'),
(45, 3, 'Etinan', '2022-04-29 07:06:56', '2022-04-29 07:06:56'),
(46, 3, 'Ibeno', '2022-04-29 07:06:56', '2022-04-29 07:06:56'),
(47, 3, 'Ibesikpo Asutan', '2022-04-29 07:06:56', '2022-04-29 07:06:56'),
(48, 3, 'Ibiono-Ibom', '2022-04-29 07:06:56', '2022-04-29 07:06:56'),
(49, 3, 'Ika', '2022-04-29 07:06:56', '2022-04-29 07:06:56'),
(50, 3, 'Ikono', '2022-04-29 07:06:56', '2022-04-29 07:06:56'),
(51, 3, 'Ikot Abasi', '2022-04-29 07:06:56', '2022-04-29 07:06:56'),
(52, 3, 'Ikot Ekpene', '2022-04-29 07:06:56', '2022-04-29 07:06:56'),
(53, 3, 'Ini', '2022-04-29 07:06:56', '2022-04-29 07:06:56'),
(54, 3, 'Itu', '2022-04-29 07:06:56', '2022-04-29 07:06:56'),
(55, 3, 'Mbo', '2022-04-29 07:06:56', '2022-04-29 07:06:56'),
(56, 3, 'Mkpat-Enin', '2022-04-29 07:06:56', '2022-04-29 07:06:56'),
(57, 3, 'Nsit-Atai', '2022-04-29 07:06:56', '2022-04-29 07:06:56'),
(58, 3, 'Nsit-Ibom', '2022-04-29 07:06:57', '2022-04-29 07:06:57'),
(59, 3, 'Nsit-Ubium', '2022-04-29 07:06:57', '2022-04-29 07:06:57'),
(60, 3, 'Obot Akara', '2022-04-29 07:06:57', '2022-04-29 07:06:57'),
(61, 3, 'Okobo', '2022-04-29 07:06:57', '2022-04-29 07:06:57'),
(62, 3, 'Onna', '2022-04-29 07:06:57', '2022-04-29 07:06:57'),
(63, 3, 'Oron', '2022-04-29 07:06:57', '2022-04-29 07:06:57'),
(64, 3, 'Oruk Anam', '2022-04-29 07:06:57', '2022-04-29 07:06:57'),
(65, 3, 'Udung-Uko', '2022-04-29 07:06:57', '2022-04-29 07:06:57'),
(66, 3, 'Ukanafun', '2022-04-29 07:06:57', '2022-04-29 07:06:57'),
(67, 3, 'Uruan', '2022-04-29 07:06:57', '2022-04-29 07:06:57'),
(68, 3, 'Urue-Offong/Oruko', '2022-04-29 07:06:57', '2022-04-29 07:06:57'),
(69, 3, 'Uyo', '2022-04-29 07:06:57', '2022-04-29 07:06:57'),
(70, 4, 'Aguata', '2022-04-29 07:06:57', '2022-04-29 07:06:57'),
(71, 4, 'Anambra East', '2022-04-29 07:06:57', '2022-04-29 07:06:57'),
(72, 4, 'Anambra West', '2022-04-29 07:06:57', '2022-04-29 07:06:57'),
(73, 4, 'Anaocha', '2022-04-29 07:06:57', '2022-04-29 07:06:57'),
(74, 4, 'Awka North', '2022-04-29 07:06:57', '2022-04-29 07:06:57'),
(75, 4, 'Awka South', '2022-04-29 07:06:57', '2022-04-29 07:06:57'),
(76, 4, 'Ayamelum', '2022-04-29 07:06:57', '2022-04-29 07:06:57'),
(77, 4, 'Dunukofia', '2022-04-29 07:06:57', '2022-04-29 07:06:57'),
(78, 4, 'Ekwusigo', '2022-04-29 07:06:57', '2022-04-29 07:06:57'),
(79, 4, 'Idemili North', '2022-04-29 07:06:57', '2022-04-29 07:06:57'),
(80, 4, 'Idemili South', '2022-04-29 07:06:57', '2022-04-29 07:06:57'),
(81, 4, 'Ihiala', '2022-04-29 07:06:57', '2022-04-29 07:06:57'),
(82, 4, 'Njikoka', '2022-04-29 07:06:58', '2022-04-29 07:06:58'),
(83, 4, 'Nnewi North', '2022-04-29 07:06:58', '2022-04-29 07:06:58'),
(84, 4, 'Nnewi South', '2022-04-29 07:06:58', '2022-04-29 07:06:58'),
(85, 4, 'Ogbaru', '2022-04-29 07:06:58', '2022-04-29 07:06:58'),
(86, 4, 'Onitsha North', '2022-04-29 07:06:58', '2022-04-29 07:06:58'),
(87, 4, 'Onitsha South', '2022-04-29 07:06:58', '2022-04-29 07:06:58'),
(88, 4, 'Orumba North', '2022-04-29 07:06:58', '2022-04-29 07:06:58'),
(89, 4, 'Orumba South', '2022-04-29 07:06:58', '2022-04-29 07:06:58'),
(90, 4, 'Oyi', '2022-04-29 07:06:58', '2022-04-29 07:06:58'),
(91, 5, 'Alkaleri', '2022-04-29 07:06:58', '2022-04-29 07:06:58'),
(92, 5, 'Bauchi', '2022-04-29 07:06:58', '2022-04-29 07:06:58'),
(93, 5, 'Bogoro', '2022-04-29 07:06:58', '2022-04-29 07:06:58'),
(94, 5, 'Damban', '2022-04-29 07:06:58', '2022-04-29 07:06:58'),
(95, 5, 'Darazo', '2022-04-29 07:06:58', '2022-04-29 07:06:58'),
(96, 5, 'Dass', '2022-04-29 07:06:58', '2022-04-29 07:06:58'),
(97, 5, 'Gamawa', '2022-04-29 07:06:58', '2022-04-29 07:06:58'),
(98, 5, 'Ganjuwa', '2022-04-29 07:06:58', '2022-04-29 07:06:58'),
(99, 5, 'Giade', '2022-04-29 07:06:58', '2022-04-29 07:06:58'),
(100, 5, 'Itas/Gadau', '2022-04-29 07:06:59', '2022-04-29 07:06:59'),
(101, 5, 'Jama\'are', '2022-04-29 07:06:59', '2022-04-29 07:06:59'),
(102, 5, 'Katagum', '2022-04-29 07:06:59', '2022-04-29 07:06:59'),
(103, 5, 'Kirfi', '2022-04-29 07:06:59', '2022-04-29 07:06:59'),
(104, 5, 'Misau', '2022-04-29 07:06:59', '2022-04-29 07:06:59'),
(105, 5, 'Ningi', '2022-04-29 07:06:59', '2022-04-29 07:06:59'),
(106, 5, 'Shira', '2022-04-29 07:06:59', '2022-04-29 07:06:59'),
(107, 5, 'Tafawa Balewa', '2022-04-29 07:06:59', '2022-04-29 07:06:59'),
(108, 5, 'Toro', '2022-04-29 07:06:59', '2022-04-29 07:06:59'),
(109, 5, 'Warji', '2022-04-29 07:06:59', '2022-04-29 07:06:59'),
(110, 5, 'Zaki', '2022-04-29 07:06:59', '2022-04-29 07:06:59'),
(111, 6, 'Brass', '2022-04-29 07:06:59', '2022-04-29 07:06:59'),
(112, 6, 'Ekeremor', '2022-04-29 07:06:59', '2022-04-29 07:06:59'),
(113, 6, 'Kolokuma/Opokuma', '2022-04-29 07:06:59', '2022-04-29 07:06:59'),
(114, 6, 'Nembe', '2022-04-29 07:06:59', '2022-04-29 07:06:59'),
(115, 6, 'Ogbia', '2022-04-29 07:06:59', '2022-04-29 07:06:59'),
(116, 6, 'Sagbama', '2022-04-29 07:06:59', '2022-04-29 07:06:59'),
(117, 6, 'Southern Ijaw', '2022-04-29 07:06:59', '2022-04-29 07:06:59'),
(118, 6, 'Yenagoa', '2022-04-29 07:06:59', '2022-04-29 07:06:59'),
(119, 7, 'Agatu', '2022-04-29 07:06:59', '2022-04-29 07:06:59'),
(120, 7, 'Apa', '2022-04-29 07:06:59', '2022-04-29 07:06:59'),
(121, 7, 'Ado', '2022-04-29 07:06:59', '2022-04-29 07:06:59'),
(122, 7, 'Buruku', '2022-04-29 07:06:59', '2022-04-29 07:06:59'),
(123, 7, 'Gboko', '2022-04-29 07:07:00', '2022-04-29 07:07:00'),
(124, 7, 'Guma', '2022-04-29 07:07:00', '2022-04-29 07:07:00'),
(125, 7, 'Gwer East', '2022-04-29 07:07:00', '2022-04-29 07:07:00'),
(126, 7, 'Gwer West', '2022-04-29 07:07:00', '2022-04-29 07:07:00'),
(127, 7, 'Katsina-Ala', '2022-04-29 07:07:00', '2022-04-29 07:07:00'),
(128, 7, 'Konshisha', '2022-04-29 07:07:00', '2022-04-29 07:07:00'),
(129, 7, 'Kwande', '2022-04-29 07:07:00', '2022-04-29 07:07:00'),
(130, 7, 'Logo', '2022-04-29 07:07:00', '2022-04-29 07:07:00'),
(131, 7, 'Makurdi', '2022-04-29 07:07:00', '2022-04-29 07:07:00'),
(132, 7, 'Obi', '2022-04-29 07:07:00', '2022-04-29 07:07:00'),
(133, 7, 'Ogbadibo', '2022-04-29 07:07:00', '2022-04-29 07:07:00'),
(134, 7, 'Ohimini', '2022-04-29 07:07:00', '2022-04-29 07:07:00'),
(135, 7, 'Oju', '2022-04-29 07:07:00', '2022-04-29 07:07:00'),
(136, 7, 'Okpokwu', '2022-04-29 07:07:00', '2022-04-29 07:07:00'),
(137, 7, 'Oturkpo', '2022-04-29 07:07:00', '2022-04-29 07:07:00'),
(138, 7, 'Tarka', '2022-04-29 07:07:00', '2022-04-29 07:07:00'),
(139, 7, 'Ukum', '2022-04-29 07:07:00', '2022-04-29 07:07:00'),
(140, 7, 'Ushongo', '2022-04-29 07:07:00', '2022-04-29 07:07:00'),
(141, 7, 'Vandeikya', '2022-04-29 07:07:00', '2022-04-29 07:07:00'),
(142, 8, 'Abadam', '2022-04-29 07:07:00', '2022-04-29 07:07:00'),
(143, 8, 'Askira/Uba', '2022-04-29 07:07:00', '2022-04-29 07:07:00'),
(144, 8, 'Bama', '2022-04-29 07:07:00', '2022-04-29 07:07:00'),
(145, 8, 'Bayo', '2022-04-29 07:07:01', '2022-04-29 07:07:01'),
(146, 8, 'Biu', '2022-04-29 07:07:01', '2022-04-29 07:07:01'),
(147, 8, 'Chibok', '2022-04-29 07:07:01', '2022-04-29 07:07:01'),
(148, 8, 'Damboa', '2022-04-29 07:07:01', '2022-04-29 07:07:01'),
(149, 8, 'Dikwa', '2022-04-29 07:07:01', '2022-04-29 07:07:01'),
(150, 8, 'Gubio', '2022-04-29 07:07:01', '2022-04-29 07:07:01'),
(151, 8, 'Guzamala', '2022-04-29 07:07:01', '2022-04-29 07:07:01'),
(152, 8, 'Gwoza', '2022-04-29 07:07:01', '2022-04-29 07:07:01'),
(153, 8, 'Hawul', '2022-04-29 07:07:01', '2022-04-29 07:07:01'),
(154, 8, 'Jere', '2022-04-29 07:07:01', '2022-04-29 07:07:01'),
(155, 8, 'Kaga', '2022-04-29 07:07:01', '2022-04-29 07:07:01'),
(156, 8, 'Kala/Balge', '2022-04-29 07:07:01', '2022-04-29 07:07:01'),
(157, 8, 'Konduga', '2022-04-29 07:07:01', '2022-04-29 07:07:01'),
(158, 8, 'Kukawa', '2022-04-29 07:07:01', '2022-04-29 07:07:01'),
(159, 8, 'Kwaya Kusar', '2022-04-29 07:07:01', '2022-04-29 07:07:01'),
(160, 8, 'Mafa', '2022-04-29 07:07:01', '2022-04-29 07:07:01'),
(161, 8, 'Magumeri', '2022-04-29 07:07:01', '2022-04-29 07:07:01'),
(162, 8, 'Maiduguri', '2022-04-29 07:07:01', '2022-04-29 07:07:01'),
(163, 8, 'Marte', '2022-04-29 07:07:01', '2022-04-29 07:07:01'),
(164, 8, 'Mobbar', '2022-04-29 07:07:01', '2022-04-29 07:07:01'),
(165, 8, 'Monguno', '2022-04-29 07:07:01', '2022-04-29 07:07:01'),
(166, 8, 'Ngala', '2022-04-29 07:07:01', '2022-04-29 07:07:01'),
(167, 8, 'Nganzai', '2022-04-29 07:07:02', '2022-04-29 07:07:02'),
(168, 8, 'Shani', '2022-04-29 07:07:02', '2022-04-29 07:07:02'),
(169, 9, 'Abi', '2022-04-29 07:07:02', '2022-04-29 07:07:02'),
(170, 9, 'Akamkpa', '2022-04-29 07:07:02', '2022-04-29 07:07:02'),
(171, 9, 'Akpabuyo', '2022-04-29 07:07:02', '2022-04-29 07:07:02'),
(172, 9, 'Bakassi', '2022-04-29 07:07:02', '2022-04-29 07:07:02'),
(173, 9, 'Bekwarra', '2022-04-29 07:07:02', '2022-04-29 07:07:02'),
(174, 9, 'Biase', '2022-04-29 07:07:02', '2022-04-29 07:07:02'),
(175, 9, 'Boki', '2022-04-29 07:07:02', '2022-04-29 07:07:02'),
(176, 9, 'Calabar Municipal', '2022-04-29 07:07:02', '2022-04-29 07:07:02'),
(177, 9, 'Calabar South', '2022-04-29 07:07:02', '2022-04-29 07:07:02'),
(178, 9, 'Etung', '2022-04-29 07:07:02', '2022-04-29 07:07:02'),
(179, 9, 'Ikom', '2022-04-29 07:07:02', '2022-04-29 07:07:02'),
(180, 9, 'Obanliku', '2022-04-29 07:07:02', '2022-04-29 07:07:02'),
(181, 9, 'Obubra', '2022-04-29 07:07:02', '2022-04-29 07:07:02'),
(182, 9, 'Obudu', '2022-04-29 07:07:02', '2022-04-29 07:07:02'),
(183, 9, 'Odukpani', '2022-04-29 07:07:02', '2022-04-29 07:07:02'),
(184, 9, 'Ogoja', '2022-04-29 07:07:02', '2022-04-29 07:07:02'),
(185, 9, 'Yakuur', '2022-04-29 07:07:03', '2022-04-29 07:07:03'),
(186, 9, 'Yala', '2022-04-29 07:07:03', '2022-04-29 07:07:03'),
(187, 10, 'Aniocha North', '2022-04-29 07:07:03', '2022-04-29 07:07:03'),
(188, 10, 'Aniocha South', '2022-04-29 07:07:03', '2022-04-29 07:07:03'),
(189, 10, 'Bomadi', '2022-04-29 07:07:03', '2022-04-29 07:07:03'),
(190, 10, 'Burutu', '2022-04-29 07:07:03', '2022-04-29 07:07:03'),
(191, 10, 'Ethiope East', '2022-04-29 07:07:03', '2022-04-29 07:07:03'),
(192, 10, 'Ethiope West', '2022-04-29 07:07:03', '2022-04-29 07:07:03'),
(193, 10, 'Ika North East', '2022-04-29 07:07:03', '2022-04-29 07:07:03'),
(194, 10, 'Ika South', '2022-04-29 07:07:03', '2022-04-29 07:07:03'),
(195, 10, 'Isoko North', '2022-04-29 07:07:03', '2022-04-29 07:07:03'),
(196, 10, 'Isoko South', '2022-04-29 07:07:03', '2022-04-29 07:07:03'),
(197, 10, 'Ndokwa East', '2022-04-29 07:07:03', '2022-04-29 07:07:03'),
(198, 10, 'Ndokwa West', '2022-04-29 07:07:03', '2022-04-29 07:07:03'),
(199, 10, 'Okpe', '2022-04-29 07:07:03', '2022-04-29 07:07:03'),
(200, 10, 'Oshimili North', '2022-04-29 07:07:03', '2022-04-29 07:07:03'),
(201, 10, 'Oshimili South', '2022-04-29 07:07:03', '2022-04-29 07:07:03'),
(202, 10, 'Patani', '2022-04-29 07:07:03', '2022-04-29 07:07:03'),
(203, 10, 'Sapele, Delta', '2022-04-29 07:07:04', '2022-04-29 07:07:04'),
(204, 10, 'Udu', '2022-04-29 07:07:04', '2022-04-29 07:07:04'),
(205, 10, 'Ughelli North', '2022-04-29 07:07:04', '2022-04-29 07:07:04'),
(206, 10, 'Ughelli South', '2022-04-29 07:07:04', '2022-04-29 07:07:04'),
(207, 10, 'Ukwuani', '2022-04-29 07:07:04', '2022-04-29 07:07:04'),
(208, 10, 'Uvwie', '2022-04-29 07:07:04', '2022-04-29 07:07:04'),
(209, 10, 'Warri North', '2022-04-29 07:07:04', '2022-04-29 07:07:04'),
(210, 10, 'Warri South', '2022-04-29 07:07:04', '2022-04-29 07:07:04'),
(211, 10, 'Warri South West', '2022-04-29 07:07:04', '2022-04-29 07:07:04'),
(212, 11, 'Abakaliki', '2022-04-29 07:07:04', '2022-04-29 07:07:04'),
(213, 11, 'Afikpo North', '2022-04-29 07:07:04', '2022-04-29 07:07:04'),
(214, 11, 'Afikpo South', '2022-04-29 07:07:04', '2022-04-29 07:07:04'),
(215, 11, 'Ebonyi', '2022-04-29 07:07:04', '2022-04-29 07:07:04'),
(216, 11, 'Ezza North', '2022-04-29 07:07:04', '2022-04-29 07:07:04'),
(217, 11, 'Ezza South', '2022-04-29 07:07:04', '2022-04-29 07:07:04'),
(218, 11, 'Ikwo', '2022-04-29 07:07:04', '2022-04-29 07:07:04'),
(219, 11, 'Ishielu', '2022-04-29 07:07:04', '2022-04-29 07:07:04'),
(220, 11, 'Ivo', '2022-04-29 07:07:04', '2022-04-29 07:07:04'),
(221, 11, 'Izzi', '2022-04-29 07:07:04', '2022-04-29 07:07:04'),
(222, 11, 'Ohaozara', '2022-04-29 07:07:04', '2022-04-29 07:07:04'),
(223, 11, 'Ohaukwu', '2022-04-29 07:07:05', '2022-04-29 07:07:05'),
(224, 11, 'Onicha', '2022-04-29 07:07:05', '2022-04-29 07:07:05'),
(225, 12, 'Akoko-Edo', '2022-04-29 07:07:05', '2022-04-29 07:07:05'),
(226, 12, 'Egor', '2022-04-29 07:07:05', '2022-04-29 07:07:05'),
(227, 12, 'Esan Central', '2022-04-29 07:07:05', '2022-04-29 07:07:05'),
(228, 12, 'Esan North-East', '2022-04-29 07:07:05', '2022-04-29 07:07:05'),
(229, 12, 'Esan South-East', '2022-04-29 07:07:05', '2022-04-29 07:07:05'),
(230, 12, 'Esan West', '2022-04-29 07:07:05', '2022-04-29 07:07:05'),
(231, 12, 'Etsako Central', '2022-04-29 07:07:05', '2022-04-29 07:07:05'),
(232, 12, 'Etsako East', '2022-04-29 07:07:05', '2022-04-29 07:07:05'),
(233, 12, 'Etsako West', '2022-04-29 07:07:05', '2022-04-29 07:07:05'),
(234, 12, 'Igueben', '2022-04-29 07:07:05', '2022-04-29 07:07:05'),
(235, 12, 'Ikpoba Okha', '2022-04-29 07:07:05', '2022-04-29 07:07:05'),
(236, 12, 'Orhionmwon', '2022-04-29 07:07:06', '2022-04-29 07:07:06'),
(237, 12, 'Oredo', '2022-04-29 07:07:06', '2022-04-29 07:07:06'),
(238, 12, 'Ovia North-East', '2022-04-29 07:07:06', '2022-04-29 07:07:06'),
(239, 12, 'Ovia South-West', '2022-04-29 07:07:06', '2022-04-29 07:07:06'),
(240, 12, 'Owan East', '2022-04-29 07:07:06', '2022-04-29 07:07:06'),
(241, 12, 'Owan West', '2022-04-29 07:07:06', '2022-04-29 07:07:06'),
(242, 12, 'Uhunmwonde', '2022-04-29 07:07:06', '2022-04-29 07:07:06'),
(243, 13, 'Ado Ekiti', '2022-04-29 07:07:07', '2022-04-29 07:07:07'),
(244, 13, 'Efon', '2022-04-29 07:07:07', '2022-04-29 07:07:07'),
(245, 13, 'Ekiti East', '2022-04-29 07:07:07', '2022-04-29 07:07:07'),
(246, 13, 'Ekiti South-West', '2022-04-29 07:07:07', '2022-04-29 07:07:07'),
(247, 13, 'Ekiti West', '2022-04-29 07:07:07', '2022-04-29 07:07:07'),
(248, 13, 'Emure', '2022-04-29 07:07:08', '2022-04-29 07:07:08'),
(249, 13, 'Gbonyin', '2022-04-29 07:07:09', '2022-04-29 07:07:09'),
(250, 13, 'Ido Osi', '2022-04-29 07:07:09', '2022-04-29 07:07:09'),
(251, 13, 'Ijero', '2022-04-29 07:07:09', '2022-04-29 07:07:09'),
(252, 13, 'Ikere', '2022-04-29 07:07:09', '2022-04-29 07:07:09'),
(253, 13, 'Ikole', '2022-04-29 07:07:09', '2022-04-29 07:07:09'),
(254, 13, 'Ilejemeje', '2022-04-29 07:07:09', '2022-04-29 07:07:09'),
(255, 13, 'Irepodun/Ifelodun', '2022-04-29 07:07:09', '2022-04-29 07:07:09'),
(256, 13, 'Ise/Orun', '2022-04-29 07:07:09', '2022-04-29 07:07:09'),
(257, 13, 'Moba', '2022-04-29 07:07:10', '2022-04-29 07:07:10'),
(258, 13, 'Oye', '2022-04-29 07:07:10', '2022-04-29 07:07:10'),
(259, 14, 'Aninri', '2022-04-29 07:07:10', '2022-04-29 07:07:10'),
(260, 14, 'Awgu', '2022-04-29 07:07:10', '2022-04-29 07:07:10'),
(261, 14, 'Enugu East', '2022-04-29 07:07:10', '2022-04-29 07:07:10'),
(262, 14, 'Enugu North', '2022-04-29 07:07:10', '2022-04-29 07:07:10'),
(263, 14, 'Enugu South', '2022-04-29 07:07:10', '2022-04-29 07:07:10'),
(264, 14, 'Ezeagu', '2022-04-29 07:07:11', '2022-04-29 07:07:11'),
(265, 14, 'Igbo Etiti', '2022-04-29 07:07:11', '2022-04-29 07:07:11'),
(266, 14, 'Igbo Eze North', '2022-04-29 07:07:11', '2022-04-29 07:07:11'),
(267, 14, 'Igbo Eze South', '2022-04-29 07:07:11', '2022-04-29 07:07:11'),
(268, 14, 'Isi Uzo', '2022-04-29 07:07:11', '2022-04-29 07:07:11'),
(269, 14, 'Nkanu East', '2022-04-29 07:07:11', '2022-04-29 07:07:11'),
(270, 14, 'Nkanu West', '2022-04-29 07:07:11', '2022-04-29 07:07:11'),
(271, 14, 'Nsukka', '2022-04-29 07:07:11', '2022-04-29 07:07:11'),
(272, 14, 'Oji River', '2022-04-29 07:07:12', '2022-04-29 07:07:12'),
(273, 14, 'Udenu', '2022-04-29 07:07:12', '2022-04-29 07:07:12'),
(274, 14, 'Udi', '2022-04-29 07:07:12', '2022-04-29 07:07:12'),
(275, 14, 'Uzo Uwani', '2022-04-29 07:07:12', '2022-04-29 07:07:12'),
(276, 15, 'Abaji', '2022-04-29 07:07:12', '2022-04-29 07:07:12'),
(277, 15, 'Bwari', '2022-04-29 07:07:12', '2022-04-29 07:07:12'),
(278, 15, 'Gwagwalada', '2022-04-29 07:07:12', '2022-04-29 07:07:12'),
(279, 15, 'Kuje', '2022-04-29 07:07:13', '2022-04-29 07:07:13'),
(280, 15, 'Kwali', '2022-04-29 07:07:13', '2022-04-29 07:07:13'),
(281, 15, 'Municipal Area Council', '2022-04-29 07:07:13', '2022-04-29 07:07:13'),
(282, 16, 'Akko', '2022-04-29 07:07:13', '2022-04-29 07:07:13'),
(283, 16, 'Balanga', '2022-04-29 07:07:13', '2022-04-29 07:07:13'),
(284, 16, 'Billiri', '2022-04-29 07:07:13', '2022-04-29 07:07:13'),
(285, 16, 'Dukku', '2022-04-29 07:07:13', '2022-04-29 07:07:13'),
(286, 16, 'Funakaye', '2022-04-29 07:07:13', '2022-04-29 07:07:13'),
(287, 16, 'Gombe', '2022-04-29 07:07:13', '2022-04-29 07:07:13'),
(288, 16, 'Kaltungo', '2022-04-29 07:07:13', '2022-04-29 07:07:13'),
(289, 16, 'Kwami', '2022-04-29 07:07:13', '2022-04-29 07:07:13'),
(290, 16, 'Nafada', '2022-04-29 07:07:14', '2022-04-29 07:07:14'),
(291, 16, 'Shongom', '2022-04-29 07:07:14', '2022-04-29 07:07:14'),
(292, 16, 'Yamaltu/Deba', '2022-04-29 07:07:14', '2022-04-29 07:07:14'),
(293, 17, 'Aboh Mbaise', '2022-04-29 07:07:14', '2022-04-29 07:07:14'),
(294, 17, 'Ahiazu Mbaise', '2022-04-29 07:07:14', '2022-04-29 07:07:14'),
(295, 17, 'Ehime Mbano', '2022-04-29 07:07:14', '2022-04-29 07:07:14'),
(296, 17, 'Ezinihitte', '2022-04-29 07:07:15', '2022-04-29 07:07:15'),
(297, 17, 'Ideato North', '2022-04-29 07:07:15', '2022-04-29 07:07:15'),
(298, 17, 'Ideato South', '2022-04-29 07:07:15', '2022-04-29 07:07:15'),
(299, 17, 'Ihitte/Uboma', '2022-04-29 07:07:15', '2022-04-29 07:07:15'),
(300, 17, 'Ikeduru', '2022-04-29 07:07:15', '2022-04-29 07:07:15'),
(301, 17, 'Isiala Mbano', '2022-04-29 07:07:15', '2022-04-29 07:07:15'),
(302, 17, 'Isu', '2022-04-29 07:07:15', '2022-04-29 07:07:15'),
(303, 17, 'Mbaitoli', '2022-04-29 07:07:15', '2022-04-29 07:07:15'),
(304, 17, 'Ngor Okpala', '2022-04-29 07:07:15', '2022-04-29 07:07:15'),
(305, 17, 'Njaba', '2022-04-29 07:07:15', '2022-04-29 07:07:15'),
(306, 17, 'Nkwerre', '2022-04-29 07:07:15', '2022-04-29 07:07:15'),
(307, 17, 'Nwangele', '2022-04-29 07:07:16', '2022-04-29 07:07:16'),
(308, 17, 'Obowo', '2022-04-29 07:07:16', '2022-04-29 07:07:16'),
(309, 17, 'Oguta', '2022-04-29 07:07:16', '2022-04-29 07:07:16'),
(310, 17, 'Ohaji/Egbema', '2022-04-29 07:07:16', '2022-04-29 07:07:16'),
(311, 17, 'Okigwe', '2022-04-29 07:07:16', '2022-04-29 07:07:16'),
(312, 17, 'Orlu', '2022-04-29 07:07:16', '2022-04-29 07:07:16'),
(313, 17, 'Orsu', '2022-04-29 07:07:17', '2022-04-29 07:07:17'),
(314, 17, 'Oru East', '2022-04-29 07:07:17', '2022-04-29 07:07:17'),
(315, 17, 'Oru West', '2022-04-29 07:07:17', '2022-04-29 07:07:17'),
(316, 17, 'Owerri Municipal', '2022-04-29 07:07:17', '2022-04-29 07:07:17'),
(317, 17, 'Owerri North', '2022-04-29 07:07:17', '2022-04-29 07:07:17'),
(318, 17, 'Owerri West', '2022-04-29 07:07:17', '2022-04-29 07:07:17'),
(319, 17, 'Unuimo', '2022-04-29 07:07:17', '2022-04-29 07:07:17'),
(320, 18, 'Auyo', '2022-04-29 07:07:17', '2022-04-29 07:07:17'),
(321, 18, 'Babura', '2022-04-29 07:07:17', '2022-04-29 07:07:17'),
(322, 18, 'Biriniwa', '2022-04-29 07:07:17', '2022-04-29 07:07:17'),
(323, 18, 'Birnin Kudu', '2022-04-29 07:07:17', '2022-04-29 07:07:17'),
(324, 18, 'Buji', '2022-04-29 07:07:17', '2022-04-29 07:07:17'),
(325, 18, 'Dutse', '2022-04-29 07:07:18', '2022-04-29 07:07:18'),
(326, 18, 'Gagarawa', '2022-04-29 07:07:18', '2022-04-29 07:07:18'),
(327, 18, 'Garki', '2022-04-29 07:07:18', '2022-04-29 07:07:18'),
(328, 18, 'Gumel', '2022-04-29 07:07:18', '2022-04-29 07:07:18'),
(329, 18, 'Guri', '2022-04-29 07:07:18', '2022-04-29 07:07:18'),
(330, 18, 'Gwaram', '2022-04-29 07:07:18', '2022-04-29 07:07:18'),
(331, 18, 'Gwiwa', '2022-04-29 07:07:18', '2022-04-29 07:07:18'),
(332, 18, 'Hadejia', '2022-04-29 07:07:18', '2022-04-29 07:07:18'),
(333, 18, 'Jahun', '2022-04-29 07:07:19', '2022-04-29 07:07:19'),
(334, 18, 'Kafin Hausa', '2022-04-29 07:07:19', '2022-04-29 07:07:19'),
(335, 18, 'Kazaure', '2022-04-29 07:07:19', '2022-04-29 07:07:19'),
(336, 18, 'Kiri Kasama', '2022-04-29 07:07:19', '2022-04-29 07:07:19'),
(337, 18, 'Kiyawa', '2022-04-29 07:07:19', '2022-04-29 07:07:19'),
(338, 18, 'Kaugama', '2022-04-29 07:07:19', '2022-04-29 07:07:19'),
(339, 18, 'Maigatari', '2022-04-29 07:07:19', '2022-04-29 07:07:19'),
(340, 18, 'Malam Madori', '2022-04-29 07:07:19', '2022-04-29 07:07:19'),
(341, 18, 'Miga', '2022-04-29 07:07:19', '2022-04-29 07:07:19'),
(342, 18, 'Ringim', '2022-04-29 07:07:19', '2022-04-29 07:07:19'),
(343, 18, 'Roni', '2022-04-29 07:07:20', '2022-04-29 07:07:20'),
(344, 18, 'Sule Tankarkar', '2022-04-29 07:07:20', '2022-04-29 07:07:20'),
(345, 18, 'Taura', '2022-04-29 07:07:20', '2022-04-29 07:07:20'),
(346, 18, 'Yankwashi', '2022-04-29 07:07:20', '2022-04-29 07:07:20'),
(347, 19, 'Birnin Gwari', '2022-04-29 07:07:20', '2022-04-29 07:07:20'),
(348, 19, 'Chikun', '2022-04-29 07:07:20', '2022-04-29 07:07:20'),
(349, 19, 'Giwa', '2022-04-29 07:07:21', '2022-04-29 07:07:21'),
(350, 19, 'Igabi', '2022-04-29 07:07:21', '2022-04-29 07:07:21'),
(351, 19, 'Ikara', '2022-04-29 07:07:21', '2022-04-29 07:07:21'),
(352, 19, 'Jaba', '2022-04-29 07:07:21', '2022-04-29 07:07:21'),
(353, 19, 'Jema\'a', '2022-04-29 07:07:21', '2022-04-29 07:07:21'),
(354, 19, 'Kachia', '2022-04-29 07:07:21', '2022-04-29 07:07:21'),
(355, 19, 'Kaduna North', '2022-04-29 07:07:21', '2022-04-29 07:07:21'),
(356, 19, 'Kaduna South', '2022-04-29 07:07:21', '2022-04-29 07:07:21'),
(357, 19, 'Kagarko', '2022-04-29 07:07:21', '2022-04-29 07:07:21'),
(358, 19, 'Kajuru', '2022-04-29 07:07:21', '2022-04-29 07:07:21'),
(359, 19, 'Kaura', '2022-04-29 07:07:22', '2022-04-29 07:07:22'),
(360, 19, 'Kauru', '2022-04-29 07:07:22', '2022-04-29 07:07:22'),
(361, 19, 'Kubau', '2022-04-29 07:07:22', '2022-04-29 07:07:22'),
(362, 19, 'Kudan', '2022-04-29 07:07:22', '2022-04-29 07:07:22'),
(363, 19, 'Lere', '2022-04-29 07:07:22', '2022-04-29 07:07:22'),
(364, 19, 'Makarfi', '2022-04-29 07:07:22', '2022-04-29 07:07:22'),
(365, 19, 'Sabon Gari', '2022-04-29 07:07:22', '2022-04-29 07:07:22'),
(366, 19, 'Sanga', '2022-04-29 07:07:23', '2022-04-29 07:07:23'),
(367, 19, 'Soba', '2022-04-29 07:07:23', '2022-04-29 07:07:23'),
(368, 19, 'Zangon Kataf', '2022-04-29 07:07:23', '2022-04-29 07:07:23'),
(369, 19, 'Zaria', '2022-04-29 07:07:23', '2022-04-29 07:07:23'),
(370, 20, 'Ajingi', '2022-04-29 07:07:23', '2022-04-29 07:07:23'),
(371, 20, 'Albasu', '2022-04-29 07:07:23', '2022-04-29 07:07:23'),
(372, 20, 'Bagwai', '2022-04-29 07:07:23', '2022-04-29 07:07:23'),
(373, 20, 'Bebeji', '2022-04-29 07:07:24', '2022-04-29 07:07:24'),
(374, 20, 'Bichi', '2022-04-29 07:07:24', '2022-04-29 07:07:24'),
(375, 20, 'Bunkure', '2022-04-29 07:07:24', '2022-04-29 07:07:24'),
(376, 20, 'Dala', '2022-04-29 07:07:24', '2022-04-29 07:07:24'),
(377, 20, 'Dambatta', '2022-04-29 07:07:24', '2022-04-29 07:07:24'),
(378, 20, 'Dawakin Kudu', '2022-04-29 07:07:24', '2022-04-29 07:07:24'),
(379, 20, 'Dawakin Tofa', '2022-04-29 07:07:24', '2022-04-29 07:07:24'),
(380, 20, 'Doguwa', '2022-04-29 07:07:25', '2022-04-29 07:07:25'),
(381, 20, 'Fagge', '2022-04-29 07:07:25', '2022-04-29 07:07:25'),
(382, 20, 'Gabasawa', '2022-04-29 07:07:25', '2022-04-29 07:07:25'),
(383, 20, 'Garko', '2022-04-29 07:07:25', '2022-04-29 07:07:25'),
(384, 20, 'Garun Mallam', '2022-04-29 07:07:25', '2022-04-29 07:07:25'),
(385, 20, 'Gaya', '2022-04-29 07:07:25', '2022-04-29 07:07:25'),
(386, 20, 'Gezawa', '2022-04-29 07:07:25', '2022-04-29 07:07:25'),
(387, 20, 'Gwale', '2022-04-29 07:07:26', '2022-04-29 07:07:26'),
(388, 20, 'Gwarzo', '2022-04-29 07:07:26', '2022-04-29 07:07:26'),
(389, 20, 'Kabo', '2022-04-29 07:07:26', '2022-04-29 07:07:26'),
(390, 20, 'Kano Municipal', '2022-04-29 07:07:26', '2022-04-29 07:07:26'),
(391, 20, 'Karaye', '2022-04-29 07:07:26', '2022-04-29 07:07:26'),
(392, 20, 'Kibiya', '2022-04-29 07:07:26', '2022-04-29 07:07:26'),
(393, 20, 'Kiru', '2022-04-29 07:07:26', '2022-04-29 07:07:26'),
(394, 20, 'Kumbotso', '2022-04-29 07:07:26', '2022-04-29 07:07:26'),
(395, 20, 'Kunchi', '2022-04-29 07:07:26', '2022-04-29 07:07:26'),
(396, 20, 'Kura', '2022-04-29 07:07:26', '2022-04-29 07:07:26'),
(397, 20, 'Madobi', '2022-04-29 07:07:26', '2022-04-29 07:07:26'),
(398, 20, 'Makoda', '2022-04-29 07:07:27', '2022-04-29 07:07:27'),
(399, 20, 'Minjibir', '2022-04-29 07:07:27', '2022-04-29 07:07:27'),
(400, 20, 'Nasarawa', '2022-04-29 07:07:27', '2022-04-29 07:07:27'),
(401, 20, 'Rano', '2022-04-29 07:07:27', '2022-04-29 07:07:27'),
(402, 20, 'Rimin Gado', '2022-04-29 07:07:27', '2022-04-29 07:07:27'),
(403, 20, 'Rogo', '2022-04-29 07:07:27', '2022-04-29 07:07:27'),
(404, 20, 'Shanono', '2022-04-29 07:07:27', '2022-04-29 07:07:27'),
(405, 20, 'Sumaila', '2022-04-29 07:07:27', '2022-04-29 07:07:27'),
(406, 20, 'Takai', '2022-04-29 07:07:27', '2022-04-29 07:07:27'),
(407, 20, 'Tarauni', '2022-04-29 07:07:27', '2022-04-29 07:07:27'),
(408, 20, 'Tofa', '2022-04-29 07:07:27', '2022-04-29 07:07:27'),
(409, 20, 'Tsanyawa', '2022-04-29 07:07:28', '2022-04-29 07:07:28'),
(410, 20, 'Tudun Wada', '2022-04-29 07:07:28', '2022-04-29 07:07:28'),
(411, 20, 'Ungogo', '2022-04-29 07:07:28', '2022-04-29 07:07:28'),
(412, 20, 'Warawa', '2022-04-29 07:07:28', '2022-04-29 07:07:28'),
(413, 20, 'Wudil', '2022-04-29 07:07:28', '2022-04-29 07:07:28'),
(414, 21, 'Bakori', '2022-04-29 07:07:28', '2022-04-29 07:07:28'),
(415, 21, 'Batagarawa', '2022-04-29 07:07:28', '2022-04-29 07:07:28'),
(416, 21, 'Batsari', '2022-04-29 07:07:28', '2022-04-29 07:07:28'),
(417, 21, 'Baure', '2022-04-29 07:07:28', '2022-04-29 07:07:28'),
(418, 21, 'Bindawa', '2022-04-29 07:07:28', '2022-04-29 07:07:28'),
(419, 21, 'Charanchi', '2022-04-29 07:07:28', '2022-04-29 07:07:28'),
(420, 21, 'Dandume', '2022-04-29 07:07:28', '2022-04-29 07:07:28'),
(421, 21, 'Danja', '2022-04-29 07:07:28', '2022-04-29 07:07:28'),
(422, 21, 'Dan Musa', '2022-04-29 07:07:29', '2022-04-29 07:07:29'),
(423, 21, 'Daura', '2022-04-29 07:07:29', '2022-04-29 07:07:29'),
(424, 21, 'Dutsi', '2022-04-29 07:07:29', '2022-04-29 07:07:29'),
(425, 21, 'Dutsin Ma', '2022-04-29 07:07:29', '2022-04-29 07:07:29'),
(426, 21, 'Faskari', '2022-04-29 07:07:29', '2022-04-29 07:07:29'),
(427, 21, 'Funtua', '2022-04-29 07:07:29', '2022-04-29 07:07:29'),
(428, 21, 'Ingawa', '2022-04-29 07:07:29', '2022-04-29 07:07:29'),
(429, 21, 'Jibia', '2022-04-29 07:07:29', '2022-04-29 07:07:29'),
(430, 21, 'Kafur', '2022-04-29 07:07:29', '2022-04-29 07:07:29'),
(431, 21, 'Kaita', '2022-04-29 07:07:29', '2022-04-29 07:07:29'),
(432, 21, 'Kankara', '2022-04-29 07:07:29', '2022-04-29 07:07:29'),
(433, 21, 'Kankia', '2022-04-29 07:07:29', '2022-04-29 07:07:29'),
(434, 21, 'Katsina', '2022-04-29 07:07:29', '2022-04-29 07:07:29'),
(435, 21, 'Kurfi', '2022-04-29 07:07:29', '2022-04-29 07:07:29'),
(436, 21, 'Kusada', '2022-04-29 07:07:30', '2022-04-29 07:07:30'),
(437, 21, 'Mai\'Adua', '2022-04-29 07:07:30', '2022-04-29 07:07:30'),
(438, 21, 'Malumfashi', '2022-04-29 07:07:30', '2022-04-29 07:07:30'),
(439, 21, 'Mani', '2022-04-29 07:07:30', '2022-04-29 07:07:30'),
(440, 21, 'Mashi', '2022-04-29 07:07:30', '2022-04-29 07:07:30'),
(441, 21, 'Matazu', '2022-04-29 07:07:30', '2022-04-29 07:07:30'),
(442, 21, 'Musawa', '2022-04-29 07:07:30', '2022-04-29 07:07:30'),
(443, 21, 'Rimi', '2022-04-29 07:07:30', '2022-04-29 07:07:30'),
(444, 21, 'Sabuwa', '2022-04-29 07:07:30', '2022-04-29 07:07:30'),
(445, 21, 'Safana', '2022-04-29 07:07:30', '2022-04-29 07:07:30'),
(446, 21, 'Sandamu', '2022-04-29 07:07:30', '2022-04-29 07:07:30'),
(447, 21, 'Zango', '2022-04-29 07:07:31', '2022-04-29 07:07:31'),
(448, 22, 'Aleiro', '2022-04-29 07:07:31', '2022-04-29 07:07:31'),
(449, 22, 'Arewa Dandi', '2022-04-29 07:07:31', '2022-04-29 07:07:31'),
(450, 22, 'Argungu', '2022-04-29 07:07:31', '2022-04-29 07:07:31'),
(451, 22, 'Augie', '2022-04-29 07:07:31', '2022-04-29 07:07:31'),
(452, 22, 'Bagudo', '2022-04-29 07:07:31', '2022-04-29 07:07:31'),
(453, 22, 'Birnin Kebbi', '2022-04-29 07:07:31', '2022-04-29 07:07:31'),
(454, 22, 'Bunza', '2022-04-29 07:07:31', '2022-04-29 07:07:31'),
(455, 22, 'Dandi', '2022-04-29 07:07:31', '2022-04-29 07:07:31'),
(456, 22, 'Fakai', '2022-04-29 07:07:31', '2022-04-29 07:07:31'),
(457, 22, 'Gwandu', '2022-04-29 07:07:31', '2022-04-29 07:07:31'),
(458, 22, 'Jega', '2022-04-29 07:07:32', '2022-04-29 07:07:32'),
(459, 22, 'Kalgo', '2022-04-29 07:07:32', '2022-04-29 07:07:32'),
(460, 22, 'Koko/Besse', '2022-04-29 07:07:32', '2022-04-29 07:07:32'),
(461, 22, 'Maiyama', '2022-04-29 07:07:32', '2022-04-29 07:07:32'),
(462, 22, 'Ngaski', '2022-04-29 07:07:32', '2022-04-29 07:07:32'),
(463, 22, 'Sakaba', '2022-04-29 07:07:32', '2022-04-29 07:07:32'),
(464, 22, 'Shanga', '2022-04-29 07:07:32', '2022-04-29 07:07:32'),
(465, 22, 'Suru', '2022-04-29 07:07:32', '2022-04-29 07:07:32'),
(466, 22, 'Wasagu/Danko', '2022-04-29 07:07:32', '2022-04-29 07:07:32'),
(467, 22, 'Yauri', '2022-04-29 07:07:32', '2022-04-29 07:07:32'),
(468, 22, 'Zuru', '2022-04-29 07:07:32', '2022-04-29 07:07:32'),
(469, 23, 'Adavi', '2022-04-29 07:07:33', '2022-04-29 07:07:33'),
(470, 23, 'Ajaokuta', '2022-04-29 07:07:33', '2022-04-29 07:07:33'),
(471, 23, 'Ankpa', '2022-04-29 07:07:33', '2022-04-29 07:07:33'),
(472, 23, 'Bassa', '2022-04-29 07:07:33', '2022-04-29 07:07:33'),
(473, 23, 'Dekina', '2022-04-29 07:07:33', '2022-04-29 07:07:33'),
(474, 23, 'Ibaji', '2022-04-29 07:07:33', '2022-04-29 07:07:33'),
(475, 23, 'Idah', '2022-04-29 07:07:33', '2022-04-29 07:07:33'),
(476, 23, 'Igalamela Odolu', '2022-04-29 07:07:33', '2022-04-29 07:07:33'),
(477, 23, 'Ijumu', '2022-04-29 07:07:33', '2022-04-29 07:07:33'),
(478, 23, 'Kabba/Bunu', '2022-04-29 07:07:34', '2022-04-29 07:07:34'),
(479, 23, 'Kogi', '2022-04-29 07:07:34', '2022-04-29 07:07:34'),
(480, 23, 'Lokoja', '2022-04-29 07:07:34', '2022-04-29 07:07:34'),
(481, 23, 'Mopa Muro', '2022-04-29 07:07:34', '2022-04-29 07:07:34'),
(482, 23, 'Ofu', '2022-04-29 07:07:34', '2022-04-29 07:07:34'),
(483, 23, 'Ogori/Magongo', '2022-04-29 07:07:34', '2022-04-29 07:07:34'),
(484, 23, 'Okehi', '2022-04-29 07:07:34', '2022-04-29 07:07:34'),
(485, 23, 'Okene', '2022-04-29 07:07:34', '2022-04-29 07:07:34'),
(486, 23, 'Olamaboro', '2022-04-29 07:07:34', '2022-04-29 07:07:34'),
(487, 23, 'Omala', '2022-04-29 07:07:34', '2022-04-29 07:07:34'),
(488, 23, 'Yagba East', '2022-04-29 07:07:34', '2022-04-29 07:07:34'),
(489, 23, 'Yagba West', '2022-04-29 07:07:34', '2022-04-29 07:07:34'),
(490, 24, 'Asa', '2022-04-29 07:07:34', '2022-04-29 07:07:34'),
(491, 24, 'Baruten', '2022-04-29 07:07:34', '2022-04-29 07:07:34'),
(492, 24, 'Edu', '2022-04-29 07:07:35', '2022-04-29 07:07:35'),
(493, 24, 'Ekiti, Kwara State', '2022-04-29 07:07:35', '2022-04-29 07:07:35'),
(494, 24, 'Ifelodun', '2022-04-29 07:07:35', '2022-04-29 07:07:35'),
(495, 24, 'Ilorin East', '2022-04-29 07:07:35', '2022-04-29 07:07:35'),
(496, 24, 'Ilorin South', '2022-04-29 07:07:35', '2022-04-29 07:07:35'),
(497, 24, 'Ilorin West', '2022-04-29 07:07:35', '2022-04-29 07:07:35'),
(498, 24, 'Irepodun', '2022-04-29 07:07:35', '2022-04-29 07:07:35'),
(499, 24, 'Isin', '2022-04-29 07:07:35', '2022-04-29 07:07:35'),
(500, 24, 'Kaiama', '2022-04-29 07:07:35', '2022-04-29 07:07:35'),
(501, 24, 'Moro', '2022-04-29 07:07:35', '2022-04-29 07:07:35'),
(502, 24, 'Offa', '2022-04-29 07:07:35', '2022-04-29 07:07:35'),
(503, 24, 'Oke Ero', '2022-04-29 07:07:35', '2022-04-29 07:07:35'),
(504, 24, 'Oyun', '2022-04-29 07:07:35', '2022-04-29 07:07:35'),
(505, 24, 'Pategi', '2022-04-29 07:07:36', '2022-04-29 07:07:36'),
(506, 25, 'Agege', '2022-04-29 07:07:36', '2022-04-29 07:07:36'),
(507, 25, 'Ajeromi-Ifelodun', '2022-04-29 07:07:36', '2022-04-29 07:07:36'),
(508, 25, 'Alimosho', '2022-04-29 07:07:36', '2022-04-29 07:07:36'),
(509, 25, 'Amuwo-Odofin', '2022-04-29 07:07:36', '2022-04-29 07:07:36'),
(510, 25, 'Apapa', '2022-04-29 07:07:36', '2022-04-29 07:07:36'),
(511, 25, 'Badagry', '2022-04-29 07:07:36', '2022-04-29 07:07:36'),
(512, 25, 'Epe', '2022-04-29 07:07:36', '2022-04-29 07:07:36'),
(513, 25, 'Eti Osa', '2022-04-29 07:07:36', '2022-04-29 07:07:36'),
(514, 25, 'Ibeju-Lekki', '2022-04-29 07:07:36', '2022-04-29 07:07:36'),
(515, 25, 'Ifako-Ijaiye', '2022-04-29 07:07:36', '2022-04-29 07:07:36'),
(516, 25, 'Ikeja', '2022-04-29 07:07:36', '2022-04-29 07:07:36'),
(517, 25, 'Ikorodu', '2022-04-29 07:07:36', '2022-04-29 07:07:36'),
(518, 25, 'Kosofe', '2022-04-29 07:07:36', '2022-04-29 07:07:36'),
(519, 25, 'Lagos Island', '2022-04-29 07:07:37', '2022-04-29 07:07:37'),
(520, 25, 'Lagos Mainland', '2022-04-29 07:07:37', '2022-04-29 07:07:37'),
(521, 25, 'Mushin', '2022-04-29 07:07:37', '2022-04-29 07:07:37'),
(522, 25, 'Ojo', '2022-04-29 07:07:37', '2022-04-29 07:07:37'),
(523, 25, 'Oshodi-Isolo', '2022-04-29 07:07:37', '2022-04-29 07:07:37'),
(524, 25, 'Shomolu', '2022-04-29 07:07:37', '2022-04-29 07:07:37'),
(525, 25, 'Surulere, Lagos State', '2022-04-29 07:07:37', '2022-04-29 07:07:37'),
(526, 26, 'Akwanga', '2022-04-29 07:07:37', '2022-04-29 07:07:37'),
(527, 26, 'Awe', '2022-04-29 07:07:37', '2022-04-29 07:07:37'),
(528, 26, 'Doma', '2022-04-29 07:07:37', '2022-04-29 07:07:37'),
(529, 26, 'Karu', '2022-04-29 07:07:37', '2022-04-29 07:07:37'),
(530, 26, 'Keana', '2022-04-29 07:07:37', '2022-04-29 07:07:37'),
(531, 26, 'Keffi', '2022-04-29 07:07:37', '2022-04-29 07:07:37'),
(532, 26, 'Kokona', '2022-04-29 07:07:37', '2022-04-29 07:07:37'),
(533, 26, 'Lafia', '2022-04-29 07:07:37', '2022-04-29 07:07:37'),
(534, 26, 'Nasarawa', '2022-04-29 07:07:38', '2022-04-29 07:07:38'),
(535, 26, 'Nasarawa Egon', '2022-04-29 07:07:38', '2022-04-29 07:07:38'),
(536, 26, 'Obi', '2022-04-29 07:07:38', '2022-04-29 07:07:38'),
(537, 26, 'Toto', '2022-04-29 07:07:38', '2022-04-29 07:07:38'),
(538, 26, 'Wamba', '2022-04-29 07:07:38', '2022-04-29 07:07:38'),
(539, 27, 'Agaie', '2022-04-29 07:07:38', '2022-04-29 07:07:38'),
(540, 27, 'Agwara', '2022-04-29 07:07:38', '2022-04-29 07:07:38'),
(541, 27, 'Bida', '2022-04-29 07:07:38', '2022-04-29 07:07:38'),
(542, 27, 'Borgu', '2022-04-29 07:07:38', '2022-04-29 07:07:38'),
(543, 27, 'Bosso', '2022-04-29 07:07:38', '2022-04-29 07:07:38'),
(544, 27, 'Chanchaga', '2022-04-29 07:07:38', '2022-04-29 07:07:38'),
(545, 27, 'Edati', '2022-04-29 07:07:39', '2022-04-29 07:07:39'),
(546, 27, 'Gbako', '2022-04-29 07:07:39', '2022-04-29 07:07:39'),
(547, 27, 'Gurara', '2022-04-29 07:07:39', '2022-04-29 07:07:39'),
(548, 27, 'Katcha', '2022-04-29 07:07:39', '2022-04-29 07:07:39'),
(549, 27, 'Kontagora', '2022-04-29 07:07:40', '2022-04-29 07:07:40'),
(550, 27, 'Lapai', '2022-04-29 07:07:40', '2022-04-29 07:07:40'),
(551, 27, 'Lavun', '2022-04-29 07:07:40', '2022-04-29 07:07:40'),
(552, 27, 'Magama', '2022-04-29 07:07:40', '2022-04-29 07:07:40'),
(553, 27, 'Mariga', '2022-04-29 07:07:40', '2022-04-29 07:07:40'),
(554, 27, 'Mashegu', '2022-04-29 07:07:40', '2022-04-29 07:07:40'),
(555, 27, 'Mokwa', '2022-04-29 07:07:40', '2022-04-29 07:07:40'),
(556, 27, 'Moya', '2022-04-29 07:07:40', '2022-04-29 07:07:40'),
(557, 27, 'Paikoro', '2022-04-29 07:07:40', '2022-04-29 07:07:40'),
(558, 27, 'Rafi', '2022-04-29 07:07:40', '2022-04-29 07:07:40'),
(559, 27, 'Rijau', '2022-04-29 07:07:40', '2022-04-29 07:07:40'),
(560, 27, 'Shiroro', '2022-04-29 07:07:40', '2022-04-29 07:07:40'),
(561, 27, 'Suleja', '2022-04-29 07:07:40', '2022-04-29 07:07:40'),
(562, 27, 'Tafa', '2022-04-29 07:07:41', '2022-04-29 07:07:41'),
(563, 27, 'Wushishi', '2022-04-29 07:07:41', '2022-04-29 07:07:41'),
(564, 28, 'Abeokuta North', '2022-04-29 07:07:41', '2022-04-29 07:07:41'),
(565, 28, 'Abeokuta South', '2022-04-29 07:07:41', '2022-04-29 07:07:41'),
(566, 28, 'Ado-Odo/Ota', '2022-04-29 07:07:41', '2022-04-29 07:07:41'),
(567, 28, 'Egbado North', '2022-04-29 07:07:41', '2022-04-29 07:07:41'),
(568, 28, 'Egbado South', '2022-04-29 07:07:41', '2022-04-29 07:07:41'),
(569, 28, 'Ewekoro', '2022-04-29 07:07:41', '2022-04-29 07:07:41'),
(570, 28, 'Ifo', '2022-04-29 07:07:41', '2022-04-29 07:07:41'),
(571, 28, 'Ijebu East', '2022-04-29 07:07:41', '2022-04-29 07:07:41'),
(572, 28, 'Ijebu North', '2022-04-29 07:07:41', '2022-04-29 07:07:41'),
(573, 28, 'Ijebu North East', '2022-04-29 07:07:42', '2022-04-29 07:07:42'),
(574, 28, 'Ijebu Ode', '2022-04-29 07:07:42', '2022-04-29 07:07:42'),
(575, 28, 'Ikenne', '2022-04-29 07:07:42', '2022-04-29 07:07:42'),
(576, 28, 'Imeko Afon', '2022-04-29 07:07:42', '2022-04-29 07:07:42'),
(577, 28, 'Ipokia', '2022-04-29 07:07:42', '2022-04-29 07:07:42'),
(578, 28, 'Obafemi Owode', '2022-04-29 07:07:42', '2022-04-29 07:07:42'),
(579, 28, 'Odeda', '2022-04-29 07:07:42', '2022-04-29 07:07:42'),
(580, 28, 'Odogbolu', '2022-04-29 07:07:42', '2022-04-29 07:07:42'),
(581, 28, 'Ogun Waterside', '2022-04-29 07:07:42', '2022-04-29 07:07:42'),
(582, 28, 'Remo North', '2022-04-29 07:07:42', '2022-04-29 07:07:42'),
(583, 28, 'Shagamu', '2022-04-29 07:07:42', '2022-04-29 07:07:42'),
(584, 29, 'Akoko North-East', '2022-04-29 07:07:42', '2022-04-29 07:07:42'),
(585, 29, 'Akoko North-West', '2022-04-29 07:07:42', '2022-04-29 07:07:42'),
(586, 29, 'Akoko South-West', '2022-04-29 07:07:42', '2022-04-29 07:07:42'),
(587, 29, 'Akoko South-East', '2022-04-29 07:07:42', '2022-04-29 07:07:42'),
(588, 29, 'Akure North', '2022-04-29 07:07:43', '2022-04-29 07:07:43'),
(589, 29, 'Akure South', '2022-04-29 07:07:43', '2022-04-29 07:07:43'),
(590, 29, 'Ese Odo', '2022-04-29 07:07:43', '2022-04-29 07:07:43'),
(591, 29, 'Idanre', '2022-04-29 07:07:43', '2022-04-29 07:07:43'),
(592, 29, 'Ifedore', '2022-04-29 07:07:43', '2022-04-29 07:07:43'),
(593, 29, 'Ilaje', '2022-04-29 07:07:43', '2022-04-29 07:07:43'),
(594, 29, 'Ile Oluji/Okeigbo', '2022-04-29 07:07:43', '2022-04-29 07:07:43'),
(595, 29, 'Irele', '2022-04-29 07:07:43', '2022-04-29 07:07:43'),
(596, 29, 'Odigbo', '2022-04-29 07:07:43', '2022-04-29 07:07:43'),
(597, 29, 'Okitipupa', '2022-04-29 07:07:43', '2022-04-29 07:07:43'),
(598, 29, 'Ondo East', '2022-04-29 07:07:43', '2022-04-29 07:07:43'),
(599, 29, 'Ondo West', '2022-04-29 07:07:44', '2022-04-29 07:07:44'),
(600, 29, 'Ose', '2022-04-29 07:07:44', '2022-04-29 07:07:44'),
(601, 29, 'Owo', '2022-04-29 07:07:44', '2022-04-29 07:07:44'),
(602, 30, 'Atakunmosa East', '2022-04-29 07:07:44', '2022-04-29 07:07:44'),
(603, 30, 'Atakunmosa West', '2022-04-29 07:07:44', '2022-04-29 07:07:44'),
(604, 30, 'Aiyedaade', '2022-04-29 07:07:44', '2022-04-29 07:07:44'),
(605, 30, 'Aiyedire', '2022-04-29 07:07:44', '2022-04-29 07:07:44'),
(606, 30, 'Boluwaduro', '2022-04-29 07:07:44', '2022-04-29 07:07:44'),
(607, 30, 'Boripe', '2022-04-29 07:07:44', '2022-04-29 07:07:44'),
(608, 30, 'Ede North', '2022-04-29 07:07:44', '2022-04-29 07:07:44'),
(609, 30, 'Ede South', '2022-04-29 07:07:44', '2022-04-29 07:07:44'),
(610, 30, 'Ife Central', '2022-04-29 07:07:45', '2022-04-29 07:07:45'),
(611, 30, 'Ife East', '2022-04-29 07:07:45', '2022-04-29 07:07:45'),
(612, 30, 'Ife North', '2022-04-29 07:07:45', '2022-04-29 07:07:45'),
(613, 30, 'Ife South', '2022-04-29 07:07:45', '2022-04-29 07:07:45'),
(614, 30, 'Egbedore', '2022-04-29 07:07:45', '2022-04-29 07:07:45'),
(615, 30, 'Ejigbo', '2022-04-29 07:07:45', '2022-04-29 07:07:45'),
(616, 30, 'Ifedayo', '2022-04-29 07:07:45', '2022-04-29 07:07:45'),
(617, 30, 'Ifelodun', '2022-04-29 07:07:45', '2022-04-29 07:07:45'),
(618, 30, 'Ila', '2022-04-29 07:07:45', '2022-04-29 07:07:45'),
(619, 30, 'Ilesa East', '2022-04-29 07:07:45', '2022-04-29 07:07:45'),
(620, 30, 'Ilesa West', '2022-04-29 07:07:46', '2022-04-29 07:07:46'),
(621, 30, 'Irepodun', '2022-04-29 07:07:46', '2022-04-29 07:07:46'),
(622, 30, 'Irewole', '2022-04-29 07:07:46', '2022-04-29 07:07:46'),
(623, 30, 'Isokan', '2022-04-29 07:07:46', '2022-04-29 07:07:46'),
(624, 30, 'Iwo', '2022-04-29 07:07:46', '2022-04-29 07:07:46'),
(625, 30, 'Obokun', '2022-04-29 07:07:46', '2022-04-29 07:07:46'),
(626, 30, 'Odo Otin', '2022-04-29 07:07:46', '2022-04-29 07:07:46'),
(627, 30, 'Ola Oluwa', '2022-04-29 07:07:46', '2022-04-29 07:07:46'),
(628, 30, 'Olorunda', '2022-04-29 07:07:46', '2022-04-29 07:07:46'),
(629, 30, 'Oriade', '2022-04-29 07:07:46', '2022-04-29 07:07:46'),
(630, 30, 'Orolu', '2022-04-29 07:07:46', '2022-04-29 07:07:46'),
(631, 30, 'Osogbo', '2022-04-29 07:07:46', '2022-04-29 07:07:46'),
(632, 31, 'Afijio', '2022-04-29 07:07:47', '2022-04-29 07:07:47'),
(633, 31, 'Akinyele', '2022-04-29 07:07:47', '2022-04-29 07:07:47'),
(634, 31, 'Atiba', '2022-04-29 07:07:47', '2022-04-29 07:07:47'),
(635, 31, 'Atisbo', '2022-04-29 07:07:47', '2022-04-29 07:07:47'),
(636, 31, 'Egbeda', '2022-04-29 07:07:47', '2022-04-29 07:07:47'),
(637, 31, 'Ibadan North', '2022-04-29 07:07:47', '2022-04-29 07:07:47'),
(638, 31, 'Ibadan North-East', '2022-04-29 07:07:47', '2022-04-29 07:07:47'),
(639, 31, 'Ibadan North-West', '2022-04-29 07:07:47', '2022-04-29 07:07:47'),
(640, 31, 'Ibadan South-East', '2022-04-29 07:07:48', '2022-04-29 07:07:48'),
(641, 31, 'Ibadan South-West', '2022-04-29 07:07:48', '2022-04-29 07:07:48'),
(642, 31, 'Ibarapa Central', '2022-04-29 07:07:48', '2022-04-29 07:07:48'),
(643, 31, 'Ibarapa East', '2022-04-29 07:07:48', '2022-04-29 07:07:48'),
(644, 31, 'Ibarapa North', '2022-04-29 07:07:48', '2022-04-29 07:07:48'),
(645, 31, 'Ido', '2022-04-29 07:07:48', '2022-04-29 07:07:48'),
(646, 31, 'Irepo', '2022-04-29 07:07:48', '2022-04-29 07:07:48'),
(647, 31, 'Iseyin', '2022-04-29 07:07:48', '2022-04-29 07:07:48'),
(648, 31, 'Itesiwaju', '2022-04-29 07:07:49', '2022-04-29 07:07:49'),
(649, 31, 'Iwajowa', '2022-04-29 07:07:49', '2022-04-29 07:07:49'),
(650, 31, 'Kajola', '2022-04-29 07:07:49', '2022-04-29 07:07:49'),
(651, 31, 'Lagelu', '2022-04-29 07:07:49', '2022-04-29 07:07:49'),
(652, 31, 'Ogbomosho North', '2022-04-29 07:07:49', '2022-04-29 07:07:49'),
(653, 31, 'Ogbomosho South', '2022-04-29 07:07:49', '2022-04-29 07:07:49'),
(654, 31, 'Ogo Oluwa', '2022-04-29 07:07:50', '2022-04-29 07:07:50'),
(655, 31, 'Olorunsogo', '2022-04-29 07:07:50', '2022-04-29 07:07:50'),
(656, 31, 'Oluyole', '2022-04-29 07:07:50', '2022-04-29 07:07:50'),
(657, 31, 'Ona Ara', '2022-04-29 07:07:50', '2022-04-29 07:07:50'),
(658, 31, 'Orelope', '2022-04-29 07:07:50', '2022-04-29 07:07:50'),
(659, 31, 'Ori Ire', '2022-04-29 07:07:50', '2022-04-29 07:07:50'),
(660, 31, 'Oyo', '2022-04-29 07:07:50', '2022-04-29 07:07:50'),
(661, 31, 'Oyo East', '2022-04-29 07:07:50', '2022-04-29 07:07:50'),
(662, 31, 'Saki East', '2022-04-29 07:07:50', '2022-04-29 07:07:50'),
(663, 31, 'Saki West', '2022-04-29 07:07:50', '2022-04-29 07:07:50'),
(664, 31, 'Surulere, Oyo State', '2022-04-29 07:07:50', '2022-04-29 07:07:50'),
(665, 32, 'Bokkos', '2022-04-29 07:07:50', '2022-04-29 07:07:50'),
(666, 32, 'Barkin Ladi', '2022-04-29 07:07:51', '2022-04-29 07:07:51'),
(667, 32, 'Bassa', '2022-04-29 07:07:51', '2022-04-29 07:07:51'),
(668, 32, 'Jos East', '2022-04-29 07:07:51', '2022-04-29 07:07:51'),
(669, 32, 'Jos North', '2022-04-29 07:07:51', '2022-04-29 07:07:51'),
(670, 32, 'Jos South', '2022-04-29 07:07:51', '2022-04-29 07:07:51'),
(671, 32, 'Kanam', '2022-04-29 07:07:51', '2022-04-29 07:07:51'),
(672, 32, 'Kanke', '2022-04-29 07:07:51', '2022-04-29 07:07:51'),
(673, 32, 'Langtang South', '2022-04-29 07:07:51', '2022-04-29 07:07:51'),
(674, 32, 'Langtang North', '2022-04-29 07:07:51', '2022-04-29 07:07:51'),
(675, 32, 'Mangu', '2022-04-29 07:07:51', '2022-04-29 07:07:51'),
(676, 32, 'Mikang', '2022-04-29 07:07:51', '2022-04-29 07:07:51'),
(677, 32, 'Pankshin', '2022-04-29 07:07:51', '2022-04-29 07:07:51'),
(678, 32, 'Qua\'an Pan', '2022-04-29 07:07:51', '2022-04-29 07:07:51'),
(679, 32, 'Riyom', '2022-04-29 07:07:52', '2022-04-29 07:07:52'),
(680, 32, 'Shendam', '2022-04-29 07:07:52', '2022-04-29 07:07:52'),
(681, 32, 'Wase', '2022-04-29 07:07:52', '2022-04-29 07:07:52'),
(682, 33, 'Abua/Odual', '2022-04-29 07:07:52', '2022-04-29 07:07:52'),
(683, 33, 'Ahoada East', '2022-04-29 07:07:52', '2022-04-29 07:07:52'),
(684, 33, 'Ahoada West', '2022-04-29 07:07:52', '2022-04-29 07:07:52'),
(685, 33, 'Akuku-Toru', '2022-04-29 07:07:52', '2022-04-29 07:07:52'),
(686, 33, 'Andoni', '2022-04-29 07:07:52', '2022-04-29 07:07:52'),
(687, 33, 'Asari-Toru', '2022-04-29 07:07:52', '2022-04-29 07:07:52'),
(688, 33, 'Bonny', '2022-04-29 07:07:52', '2022-04-29 07:07:52'),
(689, 33, 'Degema', '2022-04-29 07:07:52', '2022-04-29 07:07:52'),
(690, 33, 'Eleme', '2022-04-29 07:07:53', '2022-04-29 07:07:53'),
(691, 33, 'Emuoha', '2022-04-29 07:07:53', '2022-04-29 07:07:53'),
(692, 33, 'Etche', '2022-04-29 07:07:53', '2022-04-29 07:07:53'),
(693, 33, 'Gokana', '2022-04-29 07:07:53', '2022-04-29 07:07:53'),
(694, 33, 'Ikwerre', '2022-04-29 07:07:53', '2022-04-29 07:07:53'),
(695, 33, 'Khana', '2022-04-29 07:07:53', '2022-04-29 07:07:53'),
(696, 33, 'Obio/Akpor', '2022-04-29 07:07:53', '2022-04-29 07:07:53'),
(697, 33, 'Ogba/Egbema/Ndoni', '2022-04-29 07:07:54', '2022-04-29 07:07:54'),
(698, 33, 'Ogu/Bolo', '2022-04-29 07:07:54', '2022-04-29 07:07:54'),
(699, 33, 'Okrika', '2022-04-29 07:07:54', '2022-04-29 07:07:54'),
(700, 33, 'Omuma', '2022-04-29 07:07:54', '2022-04-29 07:07:54'),
(701, 33, 'Opobo/Nkoro', '2022-04-29 07:07:54', '2022-04-29 07:07:54'),
(702, 33, 'Oyigbo', '2022-04-29 07:07:54', '2022-04-29 07:07:54'),
(703, 33, 'Port Harcourt', '2022-04-29 07:07:54', '2022-04-29 07:07:54'),
(704, 33, 'Tai', '2022-04-29 07:07:54', '2022-04-29 07:07:54'),
(705, 34, 'Binji', '2022-04-29 07:07:54', '2022-04-29 07:07:54'),
(706, 34, 'Bodinga', '2022-04-29 07:07:54', '2022-04-29 07:07:54'),
(707, 34, 'Dange Shuni', '2022-04-29 07:07:55', '2022-04-29 07:07:55'),
(708, 34, 'Gada', '2022-04-29 07:07:55', '2022-04-29 07:07:55'),
(709, 34, 'Goronyo', '2022-04-29 07:07:55', '2022-04-29 07:07:55'),
(710, 34, 'Gudu', '2022-04-29 07:07:55', '2022-04-29 07:07:55'),
(711, 34, 'Gwadabawa', '2022-04-29 07:07:55', '2022-04-29 07:07:55'),
(712, 34, 'Illela', '2022-04-29 07:07:55', '2022-04-29 07:07:55'),
(713, 34, 'Isa', '2022-04-29 07:07:55', '2022-04-29 07:07:55'),
(714, 34, 'Kebbe', '2022-04-29 07:07:55', '2022-04-29 07:07:55'),
(715, 34, 'Kware', '2022-04-29 07:07:55', '2022-04-29 07:07:55'),
(716, 34, 'Rabah', '2022-04-29 07:07:55', '2022-04-29 07:07:55'),
(717, 34, 'Sabon Birni', '2022-04-29 07:07:55', '2022-04-29 07:07:55'),
(718, 34, 'Shagari', '2022-04-29 07:07:56', '2022-04-29 07:07:56'),
(719, 34, 'Silame', '2022-04-29 07:07:56', '2022-04-29 07:07:56'),
(720, 34, 'Sokoto North', '2022-04-29 07:07:56', '2022-04-29 07:07:56'),
(721, 34, 'Sokoto South', '2022-04-29 07:07:56', '2022-04-29 07:07:56'),
(722, 34, 'Tambuwal', '2022-04-29 07:07:56', '2022-04-29 07:07:56'),
(723, 34, 'Tangaza', '2022-04-29 07:07:56', '2022-04-29 07:07:56'),
(724, 34, 'Tureta', '2022-04-29 07:07:56', '2022-04-29 07:07:56'),
(725, 34, 'Wamako', '2022-04-29 07:07:56', '2022-04-29 07:07:56'),
(726, 34, 'Wurno', '2022-04-29 07:07:56', '2022-04-29 07:07:56'),
(727, 34, 'Yabo', '2022-04-29 07:07:56', '2022-04-29 07:07:56'),
(728, 35, 'Ardo Kola', '2022-04-29 07:07:56', '2022-04-29 07:07:56'),
(729, 35, 'Bali', '2022-04-29 07:07:56', '2022-04-29 07:07:56'),
(730, 35, 'Donga', '2022-04-29 07:07:57', '2022-04-29 07:07:57'),
(731, 35, 'Gashaka', '2022-04-29 07:07:57', '2022-04-29 07:07:57'),
(732, 35, 'Gassol', '2022-04-29 07:07:57', '2022-04-29 07:07:57'),
(733, 35, 'Ibi', '2022-04-29 07:07:57', '2022-04-29 07:07:57'),
(734, 35, 'Jalingo', '2022-04-29 07:07:57', '2022-04-29 07:07:57'),
(735, 35, 'Karim Lamido', '2022-04-29 07:07:57', '2022-04-29 07:07:57'),
(736, 35, 'Kumi', '2022-04-29 07:07:57', '2022-04-29 07:07:57'),
(737, 35, 'Lau', '2022-04-29 07:07:57', '2022-04-29 07:07:57'),
(738, 35, 'Sardauna', '2022-04-29 07:07:57', '2022-04-29 07:07:57'),
(739, 35, 'Takum', '2022-04-29 07:07:57', '2022-04-29 07:07:57'),
(740, 35, 'Ussa', '2022-04-29 07:07:58', '2022-04-29 07:07:58'),
(741, 35, 'Wukari', '2022-04-29 07:07:58', '2022-04-29 07:07:58'),
(742, 35, 'Yorro', '2022-04-29 07:07:58', '2022-04-29 07:07:58'),
(743, 35, 'Zing', '2022-04-29 07:07:58', '2022-04-29 07:07:58'),
(744, 36, 'Bade', '2022-04-29 07:07:58', '2022-04-29 07:07:58'),
(745, 36, 'Bursari', '2022-04-29 07:07:58', '2022-04-29 07:07:58'),
(746, 36, 'Damaturu', '2022-04-29 07:07:58', '2022-04-29 07:07:58'),
(747, 36, 'Fika', '2022-04-29 07:07:58', '2022-04-29 07:07:58'),
(748, 36, 'Fune', '2022-04-29 07:07:58', '2022-04-29 07:07:58'),
(749, 36, 'Geidam', '2022-04-29 07:07:58', '2022-04-29 07:07:58'),
(750, 36, 'Gujba', '2022-04-29 07:07:58', '2022-04-29 07:07:58'),
(751, 36, 'Gulani', '2022-04-29 07:07:58', '2022-04-29 07:07:58'),
(752, 36, 'Jakusko', '2022-04-29 07:07:58', '2022-04-29 07:07:58'),
(753, 36, 'Karasuwa', '2022-04-29 07:07:58', '2022-04-29 07:07:58');
INSERT INTO `lgas` (`id`, `state_id`, `name`, `created_at`, `updated_at`) VALUES
(754, 36, 'Machina', '2022-04-29 07:07:59', '2022-04-29 07:07:59'),
(755, 36, 'Nangere', '2022-04-29 07:07:59', '2022-04-29 07:07:59'),
(756, 36, 'Nguru', '2022-04-29 07:07:59', '2022-04-29 07:07:59'),
(757, 36, 'Potiskum', '2022-04-29 07:07:59', '2022-04-29 07:07:59'),
(758, 36, 'Tarmuwa', '2022-04-29 07:07:59', '2022-04-29 07:07:59'),
(759, 36, 'Yunusari', '2022-04-29 07:07:59', '2022-04-29 07:07:59'),
(760, 36, 'Yusufari', '2022-04-29 07:07:59', '2022-04-29 07:07:59'),
(761, 37, 'Anka', '2022-04-29 07:07:59', '2022-04-29 07:07:59'),
(762, 37, 'Bakura', '2022-04-29 07:08:00', '2022-04-29 07:08:00'),
(763, 37, 'Birnin Magaji/Kiyaw', '2022-04-29 07:08:00', '2022-04-29 07:08:00'),
(764, 37, 'Bukkuyum', '2022-04-29 07:08:00', '2022-04-29 07:08:00'),
(765, 37, 'Bungudu', '2022-04-29 07:08:00', '2022-04-29 07:08:00'),
(766, 37, 'Gummi', '2022-04-29 07:08:00', '2022-04-29 07:08:00'),
(767, 37, 'Gusau', '2022-04-29 07:08:00', '2022-04-29 07:08:00'),
(768, 37, 'Kaura Namoda', '2022-04-29 07:08:00', '2022-04-29 07:08:00'),
(769, 37, 'Maradun', '2022-04-29 07:08:00', '2022-04-29 07:08:00'),
(770, 37, 'Maru', '2022-04-29 07:08:00', '2022-04-29 07:08:00'),
(771, 37, 'Shinkafi', '2022-04-29 07:08:00', '2022-04-29 07:08:00'),
(772, 37, 'Talata Mafara', '2022-04-29 07:08:00', '2022-04-29 07:08:00'),
(773, 37, 'Chafe', '2022-04-29 07:08:00', '2022-04-29 07:08:00'),
(774, 37, 'Zurmi', '2022-04-29 07:08:00', '2022-04-29 07:08:00');

-- --------------------------------------------------------

--
-- Table structure for table `marks`
--

CREATE TABLE `marks` (
  `id` int(10) UNSIGNED NOT NULL,
  `student_id` int(10) UNSIGNED NOT NULL,
  `subject_id` int(10) UNSIGNED NOT NULL,
  `my_class_id` int(10) UNSIGNED NOT NULL,
  `section_id` int(10) UNSIGNED NOT NULL,
  `exam_id` int(10) UNSIGNED NOT NULL,
  `t1` int(11) DEFAULT NULL,
  `t2` int(11) DEFAULT NULL,
  `t3` int(11) DEFAULT NULL,
  `t4` int(11) DEFAULT NULL,
  `tca` int(11) DEFAULT NULL,
  `exm` int(11) DEFAULT NULL,
  `tex1` int(11) DEFAULT NULL,
  `tex2` int(11) DEFAULT NULL,
  `tex3` int(11) DEFAULT NULL,
  `sub_pos` tinyint(4) DEFAULT NULL,
  `cum` int(11) DEFAULT NULL,
  `cum_ave` varchar(255) DEFAULT NULL,
  `grade_id` int(10) UNSIGNED DEFAULT NULL,
  `year` varchar(255) NOT NULL,
  `created_at` timestamp NULL DEFAULT NULL,
  `updated_at` timestamp NULL DEFAULT NULL
) ENGINE=InnoDB DEFAULT CHARSET=utf8mb4 COLLATE=utf8mb4_unicode_ci;

--
-- Dumping data for table `marks`
--

INSERT INTO `marks` (`id`, `student_id`, `subject_id`, `my_class_id`, `section_id`, `exam_id`, `t1`, `t2`, `t3`, `t4`, `tca`, `exm`, `tex1`, `tex2`, `tex3`, `sub_pos`, `cum`, `cum_ave`, `grade_id`, `year`, `created_at`, `updated_at`) VALUES
(6, 83, 53, 22, 28, 1, NULL, NULL, NULL, NULL, NULL, 78, NULL, NULL, NULL, NULL, NULL, NULL, 1, '2022-2023', '2022-06-24 17:57:19', '2022-06-24 18:00:33'),
(7, 82, 45, 22, 28, 1, NULL, NULL, NULL, NULL, NULL, 74, NULL, NULL, NULL, NULL, NULL, NULL, 1, '2022-2023', '2022-06-24 18:08:50', '2022-06-24 18:11:35'),
(8, 83, 45, 22, 28, 1, NULL, NULL, NULL, NULL, NULL, 56, NULL, NULL, NULL, NULL, NULL, NULL, 3, '2022-2023', '2022-06-24 18:08:50', '2022-06-24 18:11:36'),
(9, 82, 50, 22, 28, 1, NULL, NULL, NULL, NULL, NULL, 45, NULL, NULL, NULL, NULL, NULL, NULL, 4, '2022-2023', '2022-06-24 18:11:41', '2022-06-24 18:11:50'),
(10, 83, 50, 22, 28, 1, NULL, NULL, NULL, NULL, NULL, 78, NULL, NULL, NULL, NULL, NULL, NULL, 1, '2022-2023', '2022-06-24 18:11:41', '2022-06-24 18:11:51'),
(11, 82, 44, 22, 28, 1, NULL, NULL, NULL, NULL, NULL, 85, NULL, NULL, NULL, NULL, NULL, NULL, 1, '2022-2023', '2022-06-24 18:11:55', '2022-06-24 18:12:06'),
(12, 83, 44, 22, 28, 1, NULL, NULL, NULL, NULL, NULL, 67, NULL, NULL, NULL, NULL, NULL, NULL, 2, '2022-2023', '2022-06-24 18:11:55', '2022-06-24 18:12:06'),
(13, 82, 46, 22, 28, 1, NULL, NULL, NULL, NULL, NULL, 34, NULL, NULL, NULL, NULL, NULL, NULL, 6, '2022-2023', '2022-06-24 18:12:13', '2022-06-24 18:13:02'),
(14, 83, 46, 22, 28, 1, NULL, NULL, NULL, NULL, NULL, 56, NULL, NULL, NULL, NULL, NULL, NULL, 3, '2022-2023', '2022-06-24 18:12:13', '2022-06-24 18:13:02'),
(22, 82, 51, 22, 28, 1, NULL, NULL, NULL, NULL, NULL, 67, NULL, NULL, NULL, NULL, NULL, NULL, 2, '2022-2023', '2022-06-24 18:21:22', '2022-06-24 18:21:32'),
(23, 83, 51, 22, 28, 1, NULL, NULL, NULL, NULL, NULL, 78, NULL, NULL, NULL, NULL, NULL, NULL, 1, '2022-2023', '2022-06-24 18:21:22', '2022-06-24 18:21:32'),
(24, 82, 52, 22, 28, 1, NULL, NULL, NULL, NULL, NULL, 76, NULL, NULL, NULL, NULL, NULL, NULL, 1, '2022-2023', '2022-06-24 18:21:39', '2022-06-24 18:21:47'),
(25, 83, 52, 22, 28, 1, NULL, NULL, NULL, NULL, NULL, 87, NULL, NULL, NULL, NULL, NULL, NULL, 1, '2022-2023', '2022-06-24 18:21:39', '2022-06-24 18:21:47'),
(26, 82, 53, 22, 28, 6, NULL, NULL, NULL, NULL, NULL, 45, NULL, NULL, NULL, NULL, NULL, NULL, 4, '2022-2023', '2022-06-24 21:37:37', '2022-06-24 21:37:47'),
(27, 83, 53, 22, 28, 6, NULL, NULL, NULL, NULL, NULL, 78, NULL, NULL, NULL, NULL, NULL, NULL, 1, '2022-2023', '2022-06-24 21:37:37', '2022-06-24 21:37:47');

-- --------------------------------------------------------

--
-- Table structure for table `migrations`
--

CREATE TABLE `migrations` (
  `id` int(10) UNSIGNED NOT NULL,
  `migration` varchar(255) NOT NULL,
  `batch` int(11) NOT NULL
) ENGINE=InnoDB DEFAULT CHARSET=utf8mb4 COLLATE=utf8mb4_unicode_ci;

--
-- Dumping data for table `migrations`
--

INSERT INTO `migrations` (`id`, `migration`, `batch`) VALUES
(1, '2013_09_20_121733_create_blood_groups_table', 1),
(2, '2013_09_22_124750_create_states_table', 1),
(3, '2013_09_22_124806_create_lgas_table', 1),
(4, '2013_09_26_121148_create_nationalities_table', 1),
(5, '2014_10_12_000000_create_users_table', 1),
(6, '2014_10_12_100000_create_password_resets_table', 1),
(7, '2018_09_20_100249_create_user_types_table', 1),
(8, '2018_09_20_150906_create_class_types_table', 1),
(9, '2018_09_22_073005_create_my_classes_table', 1),
(10, '2018_09_22_073526_create_sections_table', 1),
(11, '2018_09_22_080555_create_settings_table', 1),
(12, '2018_09_22_081302_create_subjects_table', 1),
(13, '2018_09_22_151514_create_student_records_table', 1),
(14, '2018_09_26_124241_create_dorms_table', 1),
(15, '2018_10_04_224910_create_exams_table', 1),
(16, '2018_10_06_224846_create_marks_table', 1),
(17, '2018_10_06_224944_create_grades_table', 1),
(18, '2018_10_06_225007_create_pins_table', 1),
(19, '2018_10_18_205550_create_skills_table', 1),
(20, '2018_10_18_205842_create_exam_records_table', 1),
(21, '2018_10_31_191358_create_books_table', 1),
(22, '2018_10_31_192540_create_book_requests_table', 1),
(23, '2018_11_01_132115_create_staff_records_table', 1),
(24, '2018_11_03_210758_create_payments_table', 1),
(25, '2018_11_03_210817_create_payment_records_table', 1),
(26, '2018_11_06_083707_create_receipts_table', 1),
(27, '2018_11_27_180401_create_time_tables_table', 1),
(28, '2019_09_22_142514_create_fks', 1),
(29, '2019_09_26_132227_create_promotions_table', 1);

-- --------------------------------------------------------

--
-- Table structure for table `my_classes`
--

CREATE TABLE `my_classes` (
  `id` int(10) UNSIGNED NOT NULL,
  `name` varchar(100) NOT NULL,
  `class_type_id` int(10) UNSIGNED DEFAULT NULL,
  `created_at` timestamp NULL DEFAULT NULL,
  `updated_at` timestamp NULL DEFAULT NULL
) ENGINE=InnoDB DEFAULT CHARSET=utf8mb4 COLLATE=utf8mb4_unicode_ci;

--
-- Dumping data for table `my_classes`
--

INSERT INTO `my_classes` (`id`, `name`, `class_type_id`, `created_at`, `updated_at`) VALUES
(16, 'Class one', 4, '2022-06-24 17:28:58', '2022-06-24 17:28:58'),
(17, 'Class two', 4, '2022-06-24 17:29:13', '2022-06-24 17:29:13'),
(18, 'Class three', 4, '2022-06-24 17:29:23', '2022-06-24 17:29:23'),
(19, 'Class four', 4, '2022-06-24 17:29:32', '2022-06-24 17:29:32'),
(20, 'Class five', 4, '2022-06-24 17:29:40', '2022-06-24 17:29:40'),
(21, 'Class six', 4, '2022-06-24 17:29:50', '2022-06-24 17:29:50'),
(22, 'Class seven', 4, '2022-06-24 17:29:58', '2022-06-24 17:29:58');

-- --------------------------------------------------------

--
-- Table structure for table `nationalities`
--

CREATE TABLE `nationalities` (
  `id` int(10) UNSIGNED NOT NULL,
  `name` varchar(255) NOT NULL,
  `created_at` timestamp NULL DEFAULT NULL,
  `updated_at` timestamp NULL DEFAULT NULL
) ENGINE=InnoDB DEFAULT CHARSET=utf8mb4 COLLATE=utf8mb4_unicode_ci;

--
-- Dumping data for table `nationalities`
--

INSERT INTO `nationalities` (`id`, `name`, `created_at`, `updated_at`) VALUES
(1, 'Afghan', '2022-04-29 07:06:40', '2022-04-29 07:06:40'),
(2, 'Albanian', '2022-04-29 07:06:40', '2022-04-29 07:06:40'),
(3, 'Algerian', '2022-04-29 07:06:40', '2022-04-29 07:06:40'),
(4, 'American', '2022-04-29 07:06:41', '2022-04-29 07:06:41'),
(5, 'Andorran', '2022-04-29 07:06:41', '2022-04-29 07:06:41'),
(6, 'Angolan', '2022-04-29 07:06:41', '2022-04-29 07:06:41'),
(7, 'Antiguans', '2022-04-29 07:06:41', '2022-04-29 07:06:41'),
(8, 'Argentinean', '2022-04-29 07:06:41', '2022-04-29 07:06:41'),
(9, 'Armenian', '2022-04-29 07:06:41', '2022-04-29 07:06:41'),
(10, 'Australian', '2022-04-29 07:06:41', '2022-04-29 07:06:41'),
(11, 'Austrian', '2022-04-29 07:06:41', '2022-04-29 07:06:41'),
(12, 'Azerbaijani', '2022-04-29 07:06:41', '2022-04-29 07:06:41'),
(13, 'Bahamian', '2022-04-29 07:06:41', '2022-04-29 07:06:41'),
(14, 'Bahraini', '2022-04-29 07:06:41', '2022-04-29 07:06:41'),
(15, 'Bangladeshi', '2022-04-29 07:06:41', '2022-04-29 07:06:41'),
(16, 'Barbadian', '2022-04-29 07:06:41', '2022-04-29 07:06:41'),
(17, 'Barbudans', '2022-04-29 07:06:41', '2022-04-29 07:06:41'),
(18, 'Batswana', '2022-04-29 07:06:41', '2022-04-29 07:06:41'),
(19, 'Belarusian', '2022-04-29 07:06:41', '2022-04-29 07:06:41'),
(20, 'Belgian', '2022-04-29 07:06:41', '2022-04-29 07:06:41'),
(21, 'Belizean', '2022-04-29 07:06:41', '2022-04-29 07:06:41'),
(22, 'Beninese', '2022-04-29 07:06:42', '2022-04-29 07:06:42'),
(23, 'Bhutanese', '2022-04-29 07:06:42', '2022-04-29 07:06:42'),
(24, 'Bolivian', '2022-04-29 07:06:42', '2022-04-29 07:06:42'),
(25, 'Bosnian', '2022-04-29 07:06:42', '2022-04-29 07:06:42'),
(26, 'Brazilian', '2022-04-29 07:06:42', '2022-04-29 07:06:42'),
(27, 'British', '2022-04-29 07:06:42', '2022-04-29 07:06:42'),
(28, 'Bruneian', '2022-04-29 07:06:42', '2022-04-29 07:06:42'),
(29, 'Bulgarian', '2022-04-29 07:06:42', '2022-04-29 07:06:42'),
(30, 'Burkinabe', '2022-04-29 07:06:42', '2022-04-29 07:06:42'),
(31, 'Burmese', '2022-04-29 07:06:42', '2022-04-29 07:06:42'),
(32, 'Burundian', '2022-04-29 07:06:42', '2022-04-29 07:06:42'),
(33, 'Cambodian', '2022-04-29 07:06:42', '2022-04-29 07:06:42'),
(34, 'Cameroonian', '2022-04-29 07:06:42', '2022-04-29 07:06:42'),
(35, 'Canadian', '2022-04-29 07:06:42', '2022-04-29 07:06:42'),
(36, 'Cape Verdean', '2022-04-29 07:06:43', '2022-04-29 07:06:43'),
(37, 'Central African', '2022-04-29 07:06:43', '2022-04-29 07:06:43'),
(38, 'Chadian', '2022-04-29 07:06:43', '2022-04-29 07:06:43'),
(39, 'Chilean', '2022-04-29 07:06:43', '2022-04-29 07:06:43'),
(40, 'Chinese', '2022-04-29 07:06:43', '2022-04-29 07:06:43'),
(41, 'Colombian', '2022-04-29 07:06:43', '2022-04-29 07:06:43'),
(42, 'Comoran', '2022-04-29 07:06:43', '2022-04-29 07:06:43'),
(43, 'Congolese', '2022-04-29 07:06:43', '2022-04-29 07:06:43'),
(44, 'Costa Rican', '2022-04-29 07:06:43', '2022-04-29 07:06:43'),
(45, 'Croatian', '2022-04-29 07:06:43', '2022-04-29 07:06:43'),
(46, 'Cuban', '2022-04-29 07:06:43', '2022-04-29 07:06:43'),
(47, 'Cypriot', '2022-04-29 07:06:43', '2022-04-29 07:06:43'),
(48, 'Czech', '2022-04-29 07:06:43', '2022-04-29 07:06:43'),
(49, 'Danish', '2022-04-29 07:06:44', '2022-04-29 07:06:44'),
(50, 'Djibouti', '2022-04-29 07:06:44', '2022-04-29 07:06:44'),
(51, 'Dominican', '2022-04-29 07:06:44', '2022-04-29 07:06:44'),
(52, 'Dutch', '2022-04-29 07:06:44', '2022-04-29 07:06:44'),
(53, 'East Timorese', '2022-04-29 07:06:44', '2022-04-29 07:06:44'),
(54, 'Ecuadorean', '2022-04-29 07:06:44', '2022-04-29 07:06:44'),
(55, 'Egyptian', '2022-04-29 07:06:44', '2022-04-29 07:06:44'),
(56, 'Emirian', '2022-04-29 07:06:44', '2022-04-29 07:06:44'),
(57, 'Equatorial Guinean', '2022-04-29 07:06:44', '2022-04-29 07:06:44'),
(58, 'Eritrean', '2022-04-29 07:06:44', '2022-04-29 07:06:44'),
(59, 'Estonian', '2022-04-29 07:06:44', '2022-04-29 07:06:44'),
(60, 'Ethiopian', '2022-04-29 07:06:44', '2022-04-29 07:06:44'),
(61, 'Fijian', '2022-04-29 07:06:45', '2022-04-29 07:06:45'),
(62, 'Filipino', '2022-04-29 07:06:45', '2022-04-29 07:06:45'),
(63, 'Finnish', '2022-04-29 07:06:45', '2022-04-29 07:06:45'),
(64, 'French', '2022-04-29 07:06:45', '2022-04-29 07:06:45'),
(65, 'Gabonese', '2022-04-29 07:06:45', '2022-04-29 07:06:45'),
(66, 'Gambian', '2022-04-29 07:06:45', '2022-04-29 07:06:45'),
(67, 'Georgian', '2022-04-29 07:06:45', '2022-04-29 07:06:45'),
(68, 'German', '2022-04-29 07:06:45', '2022-04-29 07:06:45'),
(69, 'Ghanaian', '2022-04-29 07:06:45', '2022-04-29 07:06:45'),
(70, 'Greek', '2022-04-29 07:06:45', '2022-04-29 07:06:45'),
(71, 'Grenadian', '2022-04-29 07:06:45', '2022-04-29 07:06:45'),
(72, 'Guatemalan', '2022-04-29 07:06:45', '2022-04-29 07:06:45'),
(73, 'Guinea-Bissauan', '2022-04-29 07:06:45', '2022-04-29 07:06:45'),
(74, 'Guinean', '2022-04-29 07:06:45', '2022-04-29 07:06:45'),
(75, 'Guyanese', '2022-04-29 07:06:45', '2022-04-29 07:06:45'),
(76, 'Haitian', '2022-04-29 07:06:45', '2022-04-29 07:06:45'),
(77, 'Herzegovinian', '2022-04-29 07:06:45', '2022-04-29 07:06:45'),
(78, 'Honduran', '2022-04-29 07:06:46', '2022-04-29 07:06:46'),
(79, 'Hungarian', '2022-04-29 07:06:46', '2022-04-29 07:06:46'),
(80, 'I-Kiribati', '2022-04-29 07:06:46', '2022-04-29 07:06:46'),
(81, 'Icelander', '2022-04-29 07:06:46', '2022-04-29 07:06:46'),
(82, 'Indian', '2022-04-29 07:06:46', '2022-04-29 07:06:46'),
(83, 'Indonesian', '2022-04-29 07:06:46', '2022-04-29 07:06:46'),
(84, 'Iranian', '2022-04-29 07:06:46', '2022-04-29 07:06:46'),
(85, 'Iraqi', '2022-04-29 07:06:46', '2022-04-29 07:06:46'),
(86, 'Irish', '2022-04-29 07:06:46', '2022-04-29 07:06:46'),
(87, 'Israeli', '2022-04-29 07:06:46', '2022-04-29 07:06:46'),
(88, 'Italian', '2022-04-29 07:06:46', '2022-04-29 07:06:46'),
(89, 'Ivorian', '2022-04-29 07:06:46', '2022-04-29 07:06:46'),
(90, 'Jamaican', '2022-04-29 07:06:46', '2022-04-29 07:06:46'),
(91, 'Japanese', '2022-04-29 07:06:46', '2022-04-29 07:06:46'),
(92, 'Jordanian', '2022-04-29 07:06:46', '2022-04-29 07:06:46'),
(93, 'Kazakhstani', '2022-04-29 07:06:46', '2022-04-29 07:06:46'),
(94, 'Kenyan', '2022-04-29 07:06:46', '2022-04-29 07:06:46'),
(95, 'Kittian and Nevisian', '2022-04-29 07:06:46', '2022-04-29 07:06:46'),
(96, 'Kuwaiti', '2022-04-29 07:06:46', '2022-04-29 07:06:46'),
(97, 'Kyrgyz', '2022-04-29 07:06:47', '2022-04-29 07:06:47'),
(98, 'Laotian', '2022-04-29 07:06:47', '2022-04-29 07:06:47'),
(99, 'Latvian', '2022-04-29 07:06:47', '2022-04-29 07:06:47'),
(100, 'Lebanese', '2022-04-29 07:06:47', '2022-04-29 07:06:47'),
(101, 'Liberian', '2022-04-29 07:06:47', '2022-04-29 07:06:47'),
(102, 'Libyan', '2022-04-29 07:06:47', '2022-04-29 07:06:47'),
(103, 'Liechtensteiner', '2022-04-29 07:06:47', '2022-04-29 07:06:47'),
(104, 'Lithuanian', '2022-04-29 07:06:47', '2022-04-29 07:06:47'),
(105, 'Luxembourger', '2022-04-29 07:06:47', '2022-04-29 07:06:47'),
(106, 'Macedonian', '2022-04-29 07:06:47', '2022-04-29 07:06:47'),
(107, 'Malagasy', '2022-04-29 07:06:47', '2022-04-29 07:06:47'),
(108, 'Malawian', '2022-04-29 07:06:47', '2022-04-29 07:06:47'),
(109, 'Malaysian', '2022-04-29 07:06:47', '2022-04-29 07:06:47'),
(110, 'Maldivan', '2022-04-29 07:06:47', '2022-04-29 07:06:47'),
(111, 'Malian', '2022-04-29 07:06:47', '2022-04-29 07:06:47'),
(112, 'Maltese', '2022-04-29 07:06:47', '2022-04-29 07:06:47'),
(113, 'Marshallese', '2022-04-29 07:06:47', '2022-04-29 07:06:47'),
(114, 'Mauritanian', '2022-04-29 07:06:47', '2022-04-29 07:06:47'),
(115, 'Mauritian', '2022-04-29 07:06:48', '2022-04-29 07:06:48'),
(116, 'Mexican', '2022-04-29 07:06:48', '2022-04-29 07:06:48'),
(117, 'Micronesian', '2022-04-29 07:06:48', '2022-04-29 07:06:48'),
(118, 'Moldovan', '2022-04-29 07:06:48', '2022-04-29 07:06:48'),
(119, 'Monacan', '2022-04-29 07:06:48', '2022-04-29 07:06:48'),
(120, 'Mongolian', '2022-04-29 07:06:48', '2022-04-29 07:06:48'),
(121, 'Moroccan', '2022-04-29 07:06:48', '2022-04-29 07:06:48'),
(122, 'Mosotho', '2022-04-29 07:06:48', '2022-04-29 07:06:48'),
(123, 'Motswana', '2022-04-29 07:06:48', '2022-04-29 07:06:48'),
(124, 'Mozambican', '2022-04-29 07:06:48', '2022-04-29 07:06:48'),
(125, 'Namibian', '2022-04-29 07:06:48', '2022-04-29 07:06:48'),
(126, 'Nauruan', '2022-04-29 07:06:48', '2022-04-29 07:06:48'),
(127, 'Nepalese', '2022-04-29 07:06:48', '2022-04-29 07:06:48'),
(128, 'New Zealander', '2022-04-29 07:06:48', '2022-04-29 07:06:48'),
(129, 'Nicaraguan', '2022-04-29 07:06:48', '2022-04-29 07:06:48'),
(130, 'Nigerian', '2022-04-29 07:06:48', '2022-04-29 07:06:48'),
(131, 'Nigerien', '2022-04-29 07:06:49', '2022-04-29 07:06:49'),
(132, 'North Korean', '2022-04-29 07:06:49', '2022-04-29 07:06:49'),
(133, 'Northern Irish', '2022-04-29 07:06:49', '2022-04-29 07:06:49'),
(134, 'Norwegian', '2022-04-29 07:06:49', '2022-04-29 07:06:49'),
(135, 'Omani', '2022-04-29 07:06:49', '2022-04-29 07:06:49'),
(136, 'Pakistani', '2022-04-29 07:06:49', '2022-04-29 07:06:49'),
(137, 'Palauan', '2022-04-29 07:06:49', '2022-04-29 07:06:49'),
(138, 'Panamanian', '2022-04-29 07:06:49', '2022-04-29 07:06:49'),
(139, 'Papua New Guinean', '2022-04-29 07:06:49', '2022-04-29 07:06:49'),
(140, 'Paraguayan', '2022-04-29 07:06:49', '2022-04-29 07:06:49'),
(141, 'Peruvian', '2022-04-29 07:06:49', '2022-04-29 07:06:49'),
(142, 'Polish', '2022-04-29 07:06:49', '2022-04-29 07:06:49'),
(143, 'Portuguese', '2022-04-29 07:06:49', '2022-04-29 07:06:49'),
(144, 'Qatari', '2022-04-29 07:06:49', '2022-04-29 07:06:49'),
(145, 'Romanian', '2022-04-29 07:06:49', '2022-04-29 07:06:49'),
(146, 'Russian', '2022-04-29 07:06:49', '2022-04-29 07:06:49'),
(147, 'Rwandan', '2022-04-29 07:06:49', '2022-04-29 07:06:49'),
(148, 'Saint Lucian', '2022-04-29 07:06:49', '2022-04-29 07:06:49'),
(149, 'Salvadoran', '2022-04-29 07:06:49', '2022-04-29 07:06:49'),
(150, 'Samoan', '2022-04-29 07:06:49', '2022-04-29 07:06:49'),
(151, 'San Marinese', '2022-04-29 07:06:49', '2022-04-29 07:06:49'),
(152, 'Sao Tomean', '2022-04-29 07:06:49', '2022-04-29 07:06:49'),
(153, 'Saudi', '2022-04-29 07:06:50', '2022-04-29 07:06:50'),
(154, 'Scottish', '2022-04-29 07:06:50', '2022-04-29 07:06:50'),
(155, 'Senegalese', '2022-04-29 07:06:50', '2022-04-29 07:06:50'),
(156, 'Serbian', '2022-04-29 07:06:50', '2022-04-29 07:06:50'),
(157, 'Seychellois', '2022-04-29 07:06:50', '2022-04-29 07:06:50'),
(158, 'Sierra Leonean', '2022-04-29 07:06:50', '2022-04-29 07:06:50'),
(159, 'Singaporean', '2022-04-29 07:06:50', '2022-04-29 07:06:50'),
(160, 'Slovakian', '2022-04-29 07:06:50', '2022-04-29 07:06:50'),
(161, 'Slovenian', '2022-04-29 07:06:50', '2022-04-29 07:06:50'),
(162, 'Solomon Islander', '2022-04-29 07:06:50', '2022-04-29 07:06:50'),
(163, 'Somali', '2022-04-29 07:06:50', '2022-04-29 07:06:50'),
(164, 'South African', '2022-04-29 07:06:50', '2022-04-29 07:06:50'),
(165, 'South Korean', '2022-04-29 07:06:50', '2022-04-29 07:06:50'),
(166, 'Spanish', '2022-04-29 07:06:50', '2022-04-29 07:06:50'),
(167, 'Sri Lankan', '2022-04-29 07:06:50', '2022-04-29 07:06:50'),
(168, 'Sudanese', '2022-04-29 07:06:50', '2022-04-29 07:06:50'),
(169, 'Surinamer', '2022-04-29 07:06:50', '2022-04-29 07:06:50'),
(170, 'Swazi', '2022-04-29 07:06:50', '2022-04-29 07:06:50'),
(171, 'Swedish', '2022-04-29 07:06:50', '2022-04-29 07:06:50'),
(172, 'Swiss', '2022-04-29 07:06:50', '2022-04-29 07:06:50'),
(173, 'Syrian', '2022-04-29 07:06:50', '2022-04-29 07:06:50'),
(174, 'Taiwanese', '2022-04-29 07:06:50', '2022-04-29 07:06:50'),
(175, 'Tajik', '2022-04-29 07:06:50', '2022-04-29 07:06:50'),
(176, 'Tanzanian', '2022-04-29 07:06:50', '2022-04-29 07:06:50'),
(177, 'Thai', '2022-04-29 07:06:51', '2022-04-29 07:06:51'),
(178, 'Togolese', '2022-04-29 07:06:51', '2022-04-29 07:06:51'),
(179, 'Tongan', '2022-04-29 07:06:51', '2022-04-29 07:06:51'),
(180, 'Trinidadian/Tobagonian', '2022-04-29 07:06:51', '2022-04-29 07:06:51'),
(181, 'Tunisian', '2022-04-29 07:06:51', '2022-04-29 07:06:51'),
(182, 'Turkish', '2022-04-29 07:06:51', '2022-04-29 07:06:51'),
(183, 'Tuvaluan', '2022-04-29 07:06:51', '2022-04-29 07:06:51'),
(184, 'Ugandan', '2022-04-29 07:06:51', '2022-04-29 07:06:51'),
(185, 'Ukrainian', '2022-04-29 07:06:51', '2022-04-29 07:06:51'),
(186, 'Uruguayan', '2022-04-29 07:06:51', '2022-04-29 07:06:51'),
(187, 'Uzbekistani', '2022-04-29 07:06:51', '2022-04-29 07:06:51'),
(188, 'Venezuelan', '2022-04-29 07:06:51', '2022-04-29 07:06:51'),
(189, 'Vietnamese', '2022-04-29 07:06:51', '2022-04-29 07:06:51'),
(190, 'Welsh', '2022-04-29 07:06:51', '2022-04-29 07:06:51'),
(191, 'Yemenite', '2022-04-29 07:06:51', '2022-04-29 07:06:51'),
(192, 'Zambian', '2022-04-29 07:06:51', '2022-04-29 07:06:51'),
(193, 'Zimbabwean', '2022-04-29 07:06:51', '2022-04-29 07:06:51');

-- --------------------------------------------------------

--
-- Table structure for table `password_resets`
--

CREATE TABLE `password_resets` (
  `email` varchar(100) NOT NULL,
  `token` varchar(255) NOT NULL,
  `created_at` timestamp NULL DEFAULT NULL
) ENGINE=InnoDB DEFAULT CHARSET=utf8mb4 COLLATE=utf8mb4_unicode_ci;

-- --------------------------------------------------------

--
-- Table structure for table `payments`
--

CREATE TABLE `payments` (
  `id` int(10) UNSIGNED NOT NULL,
  `title` varchar(100) NOT NULL,
  `amount` int(11) NOT NULL,
  `ref_no` varchar(100) NOT NULL,
  `method` varchar(100) NOT NULL DEFAULT 'cash',
  `my_class_id` int(10) UNSIGNED DEFAULT NULL,
  `description` varchar(255) DEFAULT NULL,
  `year` varchar(255) NOT NULL,
  `created_at` timestamp NULL DEFAULT NULL,
  `updated_at` timestamp NULL DEFAULT NULL
) ENGINE=InnoDB DEFAULT CHARSET=utf8mb4 COLLATE=utf8mb4_unicode_ci;

--
-- Dumping data for table `payments`
--

INSERT INTO `payments` (`id`, `title`, `amount`, `ref_no`, `method`, `my_class_id`, `description`, `year`, `created_at`, `updated_at`) VALUES
(1, 'School Fees', 12000000, '2022/356461', 'cash', NULL, 'Payments', '2022-2023', '2022-05-06 10:39:14', '2022-05-06 10:39:14');

-- --------------------------------------------------------

--
-- Table structure for table `payment_records`
--

CREATE TABLE `payment_records` (
  `id` int(10) UNSIGNED NOT NULL,
  `payment_id` int(10) UNSIGNED NOT NULL,
  `student_id` int(10) UNSIGNED NOT NULL,
  `ref_no` varchar(100) DEFAULT NULL,
  `amt_paid` int(11) DEFAULT NULL,
  `balance` int(11) DEFAULT NULL,
  `paid` tinyint(4) NOT NULL DEFAULT 0,
  `year` varchar(255) NOT NULL,
  `created_at` timestamp NULL DEFAULT NULL,
  `updated_at` timestamp NULL DEFAULT NULL
) ENGINE=InnoDB DEFAULT CHARSET=utf8mb4 COLLATE=utf8mb4_unicode_ci;

--
-- Dumping data for table `payment_records`
--

INSERT INTO `payment_records` (`id`, `payment_id`, `student_id`, `ref_no`, `amt_paid`, `balance`, `paid`, `year`, `created_at`, `updated_at`) VALUES
(1, 1, 79, '36902929', 600000, 11400000, 0, '2022-2023', '2022-05-06 10:40:10', '2022-05-06 10:40:41'),
(2, 1, 80, '68561847', NULL, NULL, 0, '2022-2023', '2022-06-18 07:06:46', '2022-06-18 07:06:46'),
(3, 1, 81, '99668851', NULL, NULL, 0, '2022-2023', '2022-06-18 07:06:47', '2022-06-18 07:06:47');

-- --------------------------------------------------------

--
-- Table structure for table `pins`
--

CREATE TABLE `pins` (
  `id` int(10) UNSIGNED NOT NULL,
  `code` varchar(40) NOT NULL,
  `used` varchar(255) NOT NULL DEFAULT '0',
  `times_used` varchar(255) NOT NULL DEFAULT '0',
  `user_id` int(10) UNSIGNED DEFAULT NULL,
  `student_id` int(10) UNSIGNED DEFAULT NULL,
  `created_at` timestamp NULL DEFAULT NULL,
  `updated_at` timestamp NULL DEFAULT NULL
) ENGINE=InnoDB DEFAULT CHARSET=utf8mb4 COLLATE=utf8mb4_unicode_ci;

-- --------------------------------------------------------

--
-- Table structure for table `promotions`
--

CREATE TABLE `promotions` (
  `id` int(10) UNSIGNED NOT NULL,
  `student_id` int(10) UNSIGNED NOT NULL,
  `from_class` int(10) UNSIGNED NOT NULL,
  `from_section` int(10) UNSIGNED NOT NULL,
  `to_class` int(10) UNSIGNED NOT NULL,
  `to_section` int(10) UNSIGNED NOT NULL,
  `grad` tinyint(4) NOT NULL,
  `from_session` varchar(255) NOT NULL,
  `to_session` varchar(255) NOT NULL,
  `status` varchar(255) NOT NULL,
  `created_at` timestamp NULL DEFAULT NULL,
  `updated_at` timestamp NULL DEFAULT NULL
) ENGINE=InnoDB DEFAULT CHARSET=utf8mb4 COLLATE=utf8mb4_unicode_ci;

-- --------------------------------------------------------

--
-- Table structure for table `receipts`
--

CREATE TABLE `receipts` (
  `id` int(10) UNSIGNED NOT NULL,
  `pr_id` int(10) UNSIGNED NOT NULL,
  `amt_paid` int(11) NOT NULL,
  `balance` int(11) NOT NULL,
  `year` varchar(255) NOT NULL,
  `created_at` timestamp NULL DEFAULT NULL,
  `updated_at` timestamp NULL DEFAULT NULL
) ENGINE=InnoDB DEFAULT CHARSET=utf8mb4 COLLATE=utf8mb4_unicode_ci;

--
-- Dumping data for table `receipts`
--

INSERT INTO `receipts` (`id`, `pr_id`, `amt_paid`, `balance`, `year`, `created_at`, `updated_at`) VALUES
(1, 1, 600000, 11400000, '2022-2023', '2022-05-06 10:40:42', '2022-05-06 10:40:42');

-- --------------------------------------------------------

--
-- Table structure for table `sections`
--

CREATE TABLE `sections` (
  `id` int(10) UNSIGNED NOT NULL,
  `name` varchar(100) NOT NULL,
  `my_class_id` int(10) UNSIGNED NOT NULL,
  `teacher_id` int(10) UNSIGNED DEFAULT NULL,
  `active` tinyint(4) NOT NULL DEFAULT 0,
  `created_at` timestamp NULL DEFAULT NULL,
  `updated_at` timestamp NULL DEFAULT NULL
) ENGINE=InnoDB DEFAULT CHARSET=utf8mb4 COLLATE=utf8mb4_unicode_ci;

--
-- Dumping data for table `sections`
--

INSERT INTO `sections` (`id`, `name`, `my_class_id`, `teacher_id`, `active`, `created_at`, `updated_at`) VALUES
(22, 'A', 16, NULL, 1, '2022-06-24 17:28:58', '2022-06-24 17:28:58'),
(23, 'A', 17, NULL, 1, '2022-06-24 17:29:13', '2022-06-24 17:29:13'),
(24, 'A', 18, NULL, 1, '2022-06-24 17:29:23', '2022-06-24 17:29:23'),
(25, 'A', 19, NULL, 1, '2022-06-24 17:29:32', '2022-06-24 17:29:32'),
(26, 'A', 20, NULL, 1, '2022-06-24 17:29:41', '2022-06-24 17:29:41'),
(27, 'A', 21, NULL, 1, '2022-06-24 17:29:50', '2022-06-24 17:29:50'),
(28, 'A', 22, NULL, 1, '2022-06-24 17:29:58', '2022-06-24 17:29:58');

-- --------------------------------------------------------

--
-- Table structure for table `settings`
--

CREATE TABLE `settings` (
  `id` int(10) UNSIGNED NOT NULL,
  `type` varchar(255) NOT NULL,
  `description` varchar(255) DEFAULT NULL,
  `created_at` timestamp NULL DEFAULT NULL,
  `updated_at` timestamp NULL DEFAULT NULL
) ENGINE=InnoDB DEFAULT CHARSET=utf8mb4 COLLATE=utf8mb4_unicode_ci;

--
-- Dumping data for table `settings`
--

INSERT INTO `settings` (`id`, `type`, `description`, `created_at`, `updated_at`) VALUES
(1, 'current_session', '2022-2023', NULL, '2022-06-23 15:32:44'),
(2, 'system_title', 'CJIA', NULL, '2022-06-23 15:32:44'),
(3, 'system_name', 'MASAKA NURSERY AND PRIMARY SCHOOL', NULL, '2022-06-23 15:32:44'),
(4, 'term_ends', '07/10/2022', NULL, '2022-06-23 15:32:45'),
(5, 'term_begins', '07/10/2022', NULL, '2022-06-23 15:32:45'),
(6, 'phone', '0747805805', NULL, '2022-06-23 15:32:45'),
(7, 'address', 'Gongo La Mboto Dar es Salaam Tanzania', NULL, '2022-06-23 15:32:45'),
(8, 'system_email', 'schools.masaka@yahoo.com', NULL, '2022-06-23 15:32:45'),
(9, 'alt_email', '', NULL, NULL),
(10, 'email_host', '', NULL, NULL),
(11, 'email_pass', '', NULL, NULL),
(12, 'lock_exam', '0', NULL, '2022-06-23 15:32:45'),
(13, 'logo', '', NULL, NULL),
(14, 'next_term_fees_j', '20000', NULL, '2022-06-23 15:22:57'),
(15, 'next_term_fees_pn', '25000', NULL, '2022-06-23 15:22:57'),
(16, 'next_term_fees_p', '25000', NULL, '2022-06-23 15:32:45'),
(17, 'next_term_fees_n', '25600', NULL, '2022-06-23 15:32:45'),
(18, 'next_term_fees_s', '15600', NULL, '2022-06-23 15:32:45'),
(19, 'next_term_fees_c', '1600', NULL, '2022-06-23 15:22:57'),
(20, 'school_reg_no', 'DS.01/7/45 ', NULL, NULL),
(21, 'postal_address', ' P.O. BOX 17002, Kipunguni  B  Machimbo,', NULL, NULL),
(22, 'website', 'www.masakaschools.sc.tz', NULL, NULL),
(23, 'phone', '0713322737', NULL, NULL),
(24, 'address', 'Dar es Salaam ,  Tanzania  East Africa', NULL, NULL),
(25, 'phone_2', '0789106339 ', NULL, NULL);

-- --------------------------------------------------------

--
-- Table structure for table `skills`
--

CREATE TABLE `skills` (
  `id` int(10) UNSIGNED NOT NULL,
  `name` varchar(255) NOT NULL,
  `skill_type` varchar(255) NOT NULL,
  `class_type` varchar(255) DEFAULT NULL,
  `created_at` timestamp NULL DEFAULT NULL,
  `updated_at` timestamp NULL DEFAULT NULL
) ENGINE=InnoDB DEFAULT CHARSET=utf8mb4 COLLATE=utf8mb4_unicode_ci;

--
-- Dumping data for table `skills`
--

INSERT INTO `skills` (`id`, `name`, `skill_type`, `class_type`, `created_at`, `updated_at`) VALUES
(1, 'PUNCTUALITY', 'AF', NULL, NULL, NULL),
(2, 'NEATNESS', 'AF', NULL, NULL, NULL),
(3, 'HONESTY', 'AF', NULL, NULL, NULL),
(4, 'RELIABILITY', 'AF', NULL, NULL, NULL),
(5, 'RELATIONSHIP WITH OTHERS', 'AF', NULL, NULL, NULL),
(6, 'POLITENESS', 'AF', NULL, NULL, NULL),
(7, 'ALERTNESS', 'AF', NULL, NULL, NULL),
(8, 'HANDWRITING', 'PS', NULL, NULL, NULL),
(9, 'GAMES & SPORTS', 'PS', NULL, NULL, NULL),
(10, 'DRAWING & ARTS', 'PS', NULL, NULL, NULL),
(11, 'PAINTING', 'PS', NULL, NULL, NULL),
(12, 'CONSTRUCTION', 'PS', NULL, NULL, NULL),
(13, 'MUSICAL SKILLS', 'PS', NULL, NULL, NULL),
(14, 'FLEXIBILITY', 'PS', NULL, NULL, NULL);

-- --------------------------------------------------------

--
-- Table structure for table `staff_records`
--

CREATE TABLE `staff_records` (
  `id` int(10) UNSIGNED NOT NULL,
  `user_id` int(10) UNSIGNED NOT NULL,
  `code` varchar(100) DEFAULT NULL,
  `emp_date` varchar(255) DEFAULT NULL,
  `created_at` timestamp NULL DEFAULT NULL,
  `updated_at` timestamp NULL DEFAULT NULL
) ENGINE=InnoDB DEFAULT CHARSET=utf8mb4 COLLATE=utf8mb4_unicode_ci;

--
-- Dumping data for table `staff_records`
--

INSERT INTO `staff_records` (`id`, `user_id`, `code`, `emp_date`, `created_at`, `updated_at`) VALUES
(1, 55, 'CJIA/STAFF/2022/01/5772', '01/01/2022', '2022-05-02 03:51:39', '2022-05-02 03:51:39'),
(2, 56, 'CJIA/STAFF/2022/01/6173', '01/01/2022', '2022-05-02 04:03:07', '2022-05-02 04:03:07'),
(3, 57, 'CJIA/STAFF/2022/02/5147', '02/01/2022', '2022-05-02 04:23:24', '2022-05-02 04:23:24'),
(4, 58, 'CJIA/STAFF/1970/01/8181', NULL, '2022-05-02 04:25:34', '2022-05-02 04:25:34'),
(5, 59, 'CJIA/STAFF/2022/02/1831', '02/01/2022', '2022-05-02 04:28:00', '2022-05-02 04:28:00'),
(6, 60, 'CJIA/STAFF/2022/02/6215', '02/01/2022', '2022-05-02 04:31:09', '2022-05-02 04:31:09'),
(7, 61, 'CJIA/STAFF/2022/02/9528', '02/01/2022', '2022-05-02 04:33:01', '2022-05-02 04:33:01'),
(8, 62, 'CJIA/STAFF/2022/02/3039', '02/01/2022', '2022-05-02 04:36:25', '2022-05-02 04:36:25'),
(9, 63, 'CJIA/STAFF/2022/02/6937', '02/01/2022', '2022-05-02 04:37:29', '2022-05-02 04:37:29'),
(10, 64, 'CJIA/STAFF/2022/02/4171', '02/01/2022', '2022-05-02 04:46:53', '2022-05-02 04:46:53'),
(11, 65, 'CJIA/STAFF/2022/01/8244', '01/01/2022', '2022-05-02 07:02:15', '2022-05-02 07:02:15'),
(12, 66, 'CJIA/STAFF/2022/01/1676', '01/01/2022', '2022-05-02 07:03:19', '2022-05-02 07:03:19'),
(13, 67, 'CJIA/STAFF/2022/01/6508', '01/01/2022', '2022-05-02 07:47:50', '2022-05-02 07:47:50'),
(14, 68, 'CJIA/STAFF/2022/01/6046', '01/01/2022', '2022-05-02 07:49:23', '2022-05-02 07:49:23'),
(15, 69, 'CJIA/STAFF/2022/01/7111', '01/01/2022', '2022-05-02 07:50:58', '2022-05-02 07:50:58'),
(16, 70, 'CJIA/STAFF/2022/01/8290', '01/01/2022', '2022-05-02 07:55:00', '2022-05-02 07:55:00'),
(17, 71, 'CJIA/STAFF/2022/01/3112', '01/01/2022', '2022-05-02 07:56:07', '2022-05-02 07:56:07'),
(18, 72, 'CJIA/STAFF/2022/01/1555', '01/01/2022', '2022-05-02 07:58:10', '2022-05-02 07:58:10'),
(19, 73, 'CJIA/STAFF/2021/12/8460', '12/01/2021', '2022-05-02 08:01:21', '2022-05-02 08:01:21'),
(20, 74, 'CJIA/STAFF/2021/12/7617', '12/01/2021', '2022-05-02 08:02:27', '2022-05-02 08:02:27'),
(21, 75, 'CJIA/STAFF/2021/12/5233', '12/01/2021', '2022-05-02 08:05:50', '2022-05-02 08:05:50'),
(22, 76, 'CJIA/STAFF/2021/12/8426', '12/01/2021', '2022-05-02 08:06:57', '2022-05-02 08:06:57'),
(23, 77, 'CJIA/STAFF/2021/12/4948', '12/01/2021', '2022-05-02 08:10:45', '2022-05-02 08:10:45'),
(24, 78, 'CJIA/STAFF/2022/01/6690', '01/01/2022', '2022-05-02 09:04:11', '2022-05-02 09:04:11');

-- --------------------------------------------------------

--
-- Table structure for table `states`
--

CREATE TABLE `states` (
  `id` int(10) UNSIGNED NOT NULL,
  `name` varchar(255) NOT NULL,
  `created_at` timestamp NULL DEFAULT NULL,
  `updated_at` timestamp NULL DEFAULT NULL
) ENGINE=InnoDB DEFAULT CHARSET=utf8mb4 COLLATE=utf8mb4_unicode_ci;

--
-- Dumping data for table `states`
--

INSERT INTO `states` (`id`, `name`, `created_at`, `updated_at`) VALUES
(1, 'Arusha', '2022-04-29 07:06:52', '2022-04-29 07:06:52'),
(2, 'Dar es Salaam', '2022-04-29 07:06:52', '2022-04-29 07:06:52'),
(3, 'Dodoma', '2022-04-29 07:06:52', '2022-04-29 07:06:52'),
(4, 'Geita', '2022-04-29 07:06:52', '2022-04-29 07:06:52'),
(5, 'Iringa', '2022-04-29 07:06:52', '2022-04-29 07:06:52'),
(6, 'Kagera', '2022-04-29 07:06:52', '2022-04-29 07:06:52'),
(7, 'Katavi', '2022-04-29 07:06:52', '2022-04-29 07:06:52'),
(8, 'Kigoma', '2022-04-29 07:06:52', '2022-04-29 07:06:52'),
(9, 'Kilimanjaro', '2022-04-29 07:06:52', '2022-04-29 07:06:52'),
(10, 'Lindi', '2022-04-29 07:06:52', '2022-04-29 07:06:52'),
(11, 'Manyara', '2022-04-29 07:06:52', '2022-04-29 07:06:52'),
(12, 'Mara', '2022-04-29 07:06:52', '2022-04-29 07:06:52'),
(13, 'Mbeya', '2022-04-29 07:06:52', '2022-04-29 07:06:52'),
(14, 'Morogoro', '2022-04-29 07:06:52', '2022-04-29 07:06:52'),
(15, 'Mtwara', '2022-04-29 07:06:52', '2022-04-29 07:06:52'),
(16, 'Mwanza', '2022-04-29 07:06:52', '2022-04-29 07:06:52'),
(17, 'Njombe', '2022-04-29 07:06:52', '2022-04-29 07:06:52'),
(18, 'Pemba Kaskazini', '2022-04-29 07:06:52', '2022-04-29 07:06:52'),
(19, 'Pemba Kusini', '2022-04-29 07:06:53', '2022-04-29 07:06:53'),
(20, 'Pwani', '2022-04-29 07:06:53', '2022-04-29 07:06:53'),
(21, 'Rukwa', '2022-04-29 07:06:53', '2022-04-29 07:06:53'),
(22, 'Ruvuma', '2022-04-29 07:06:53', '2022-04-29 07:06:53'),
(23, 'Shinyanga', '2022-04-29 07:06:53', '2022-04-29 07:06:53'),
(24, 'Simiyu', '2022-04-29 07:06:53', '2022-04-29 07:06:53'),
(25, 'Singida', '2022-04-29 07:06:53', '2022-04-29 07:06:53'),
(26, 'Songwe', '2022-04-29 07:06:53', '2022-04-29 07:06:53'),
(27, 'Tabora', '2022-04-29 07:06:53', '2022-04-29 07:06:53'),
(28, 'Tanga', '2022-04-29 07:06:53', '2022-04-29 07:06:53'),
(29, 'Unguja Kaskazini', '2022-04-29 07:06:53', '2022-04-29 07:06:53'),
(30, 'Unguja Mjini Magharibi', '2022-04-29 07:06:53', '2022-04-29 07:06:53'),
(31, 'Unguja Kusini', '2022-04-29 07:06:53', '2022-04-29 07:06:53'),
(32, 'Sokoto', '2022-04-29 07:06:53', '2022-04-29 07:06:53'),
(33, 'Taraba', '2022-04-29 07:06:53', '2022-04-29 07:06:53'),
(34, 'Yobe', '2022-04-29 07:06:53', '2022-04-29 07:06:53'),
(35, 'Zamfara', '2022-04-29 07:06:53', '2022-04-29 07:06:53'),
(36, 'Kilimanjaro', '2022-04-29 07:06:53', '2022-04-29 07:06:53'),
(37, 'Lindi', '2022-04-29 07:06:53', '2022-04-29 07:06:53');

-- --------------------------------------------------------

--
-- Table structure for table `student_records`
--

CREATE TABLE `student_records` (
  `id` int(10) UNSIGNED NOT NULL,
  `user_id` int(10) UNSIGNED NOT NULL,
  `my_class_id` int(10) UNSIGNED NOT NULL,
  `section_id` int(10) UNSIGNED NOT NULL,
  `adm_no` varchar(30) DEFAULT NULL,
  `my_parent_id` int(10) UNSIGNED DEFAULT NULL,
  `dorm_id` int(10) UNSIGNED DEFAULT NULL,
  `dorm_room_no` varchar(255) DEFAULT NULL,
  `session` varchar(255) NOT NULL,
  `house` varchar(255) DEFAULT NULL,
  `age` tinyint(4) DEFAULT NULL,
  `year_admitted` varchar(255) DEFAULT NULL,
  `grad` tinyint(4) NOT NULL DEFAULT 0,
  `grad_date` varchar(255) DEFAULT NULL,
  `created_at` timestamp NULL DEFAULT NULL,
  `updated_at` timestamp NULL DEFAULT NULL
) ENGINE=InnoDB DEFAULT CHARSET=utf8mb4 COLLATE=utf8mb4_unicode_ci;

--
-- Dumping data for table `student_records`
--

INSERT INTO `student_records` (`id`, `user_id`, `my_class_id`, `section_id`, `adm_no`, `my_parent_id`, `dorm_id`, `dorm_room_no`, `session`, `house`, `age`, `year_admitted`, `grad`, `grad_date`, `created_at`, `updated_at`) VALUES
(41, 82, 22, 28, 'CJIA/P/2022/97092', 4, NULL, NULL, '2022-2023', NULL, NULL, '2022', 0, NULL, '2022-06-24 17:41:41', '2022-06-24 17:41:41'),
(42, 83, 22, 28, 'CJIA/P/2022/16792', 4, NULL, NULL, '2022-2023', NULL, NULL, '2022', 0, NULL, '2022-06-24 17:42:23', '2022-06-24 17:42:23'),
(43, 84, 16, 22, 'CJIA/P/2022/78006', 9, NULL, NULL, '2022-2023', NULL, NULL, '2022', 0, NULL, '2022-06-24 17:43:04', '2022-06-24 17:43:04'),
(44, 85, 22, 28, 'CJIA/P/2022/89017', NULL, NULL, NULL, '2022-2023', NULL, NULL, '2022', 0, NULL, '2022-06-26 11:14:46', '2022-06-26 11:14:46'),
(45, 86, 22, 28, 'CJIA/P/2022/12353', NULL, NULL, NULL, '2022-2023', NULL, NULL, '2022', 0, NULL, '2022-06-26 12:20:26', '2022-06-26 12:20:26');

-- --------------------------------------------------------

--
-- Table structure for table `subjects`
--

CREATE TABLE `subjects` (
  `id` int(10) UNSIGNED NOT NULL,
  `name` varchar(100) NOT NULL,
  `slug` varchar(100) NOT NULL,
  `my_class_id` int(10) UNSIGNED NOT NULL,
  `teacher_id` int(10) UNSIGNED NOT NULL,
  `created_at` timestamp NULL DEFAULT NULL,
  `updated_at` timestamp NULL DEFAULT NULL
) ENGINE=InnoDB DEFAULT CHARSET=utf8mb4 COLLATE=utf8mb4_unicode_ci;

--
-- Dumping data for table `subjects`
--

INSERT INTO `subjects` (`id`, `name`, `slug`, `my_class_id`, `teacher_id`, `created_at`, `updated_at`) VALUES
(37, 'Mathematics', 'math', 16, 55, '2022-06-24 17:32:30', '2022-06-24 17:32:30'),
(38, 'Science & Technology', 'sci&tech', 16, 68, '2022-06-24 17:33:12', '2022-06-24 17:33:12'),
(39, 'English', 'eng', 16, 63, '2022-06-24 17:33:30', '2022-06-24 17:33:30'),
(40, 'Kiswahili', 'Kisw', 16, 7, '2022-06-24 17:33:50', '2022-06-24 17:33:50'),
(41, 'Social Studies', 'social', 16, 65, '2022-06-24 17:34:13', '2022-06-24 17:34:13'),
(42, 'Vocational Skills', 'voc', 16, 74, '2022-06-24 17:34:33', '2022-06-24 17:34:33'),
(43, 'Civic and Moral Education', 'civic', 16, 60, '2022-06-24 17:35:35', '2022-06-24 17:35:35'),
(44, 'Mathematics', 'MATH', 22, 68, '2022-06-24 17:36:05', '2022-06-24 17:36:05'),
(45, 'English', 'eng', 22, 57, '2022-06-24 17:36:21', '2022-06-24 17:36:21'),
(46, 'Science & Technology', 'sci', 22, 70, '2022-06-24 17:36:43', '2022-06-24 17:36:43'),
(50, 'Kiswahili', 'Kisw', 22, 62, '2022-06-24 17:37:46', '2022-06-24 17:37:46'),
(51, 'Socail Studies', 'social', 22, 68, '2022-06-24 17:38:24', '2022-06-24 17:38:24'),
(52, 'Vocational Skills', 'voc', 22, 58, '2022-06-24 17:38:45', '2022-06-24 17:38:45'),
(53, 'Civic and Moral Education', 'civic', 22, 70, '2022-06-24 17:39:32', '2022-06-24 17:39:32');

-- --------------------------------------------------------

--
-- Table structure for table `time_slots`
--

CREATE TABLE `time_slots` (
  `id` int(10) UNSIGNED NOT NULL,
  `ttr_id` int(10) UNSIGNED NOT NULL,
  `hour_from` tinyint(4) NOT NULL,
  `min_from` varchar(2) NOT NULL,
  `meridian_from` varchar(2) NOT NULL,
  `hour_to` tinyint(4) NOT NULL,
  `min_to` varchar(2) NOT NULL,
  `meridian_to` varchar(2) NOT NULL,
  `time_from` varchar(100) NOT NULL,
  `time_to` varchar(100) NOT NULL,
  `timestamp_from` varchar(50) NOT NULL,
  `timestamp_to` varchar(50) NOT NULL,
  `full` varchar(100) NOT NULL,
  `created_at` timestamp NULL DEFAULT NULL,
  `updated_at` timestamp NULL DEFAULT NULL
) ENGINE=InnoDB DEFAULT CHARSET=utf8mb4 COLLATE=utf8mb4_unicode_ci;

-- --------------------------------------------------------

--
-- Table structure for table `time_tables`
--

CREATE TABLE `time_tables` (
  `id` int(10) UNSIGNED NOT NULL,
  `ttr_id` int(10) UNSIGNED NOT NULL,
  `ts_id` int(10) UNSIGNED NOT NULL,
  `subject_id` int(10) UNSIGNED DEFAULT NULL,
  `exam_date` varchar(50) DEFAULT NULL,
  `timestamp_from` varchar(100) NOT NULL,
  `timestamp_to` varchar(100) NOT NULL,
  `day` varchar(50) DEFAULT NULL,
  `day_num` tinyint(4) DEFAULT NULL,
  `created_at` timestamp NULL DEFAULT NULL,
  `updated_at` timestamp NULL DEFAULT NULL
) ENGINE=InnoDB DEFAULT CHARSET=utf8mb4 COLLATE=utf8mb4_unicode_ci;

-- --------------------------------------------------------

--
-- Table structure for table `time_table_records`
--

CREATE TABLE `time_table_records` (
  `id` int(10) UNSIGNED NOT NULL,
  `name` varchar(100) NOT NULL,
  `my_class_id` int(10) UNSIGNED NOT NULL,
  `exam_id` int(10) UNSIGNED DEFAULT NULL,
  `year` varchar(100) NOT NULL,
  `created_at` timestamp NULL DEFAULT NULL,
  `updated_at` timestamp NULL DEFAULT NULL
) ENGINE=InnoDB DEFAULT CHARSET=utf8mb4 COLLATE=utf8mb4_unicode_ci;

-- --------------------------------------------------------

--
-- Table structure for table `users`
--

CREATE TABLE `users` (
  `id` int(10) UNSIGNED NOT NULL,
  `name` varchar(255) NOT NULL,
  `email` varchar(100) DEFAULT NULL,
  `code` varchar(100) NOT NULL,
  `username` varchar(100) DEFAULT NULL,
  `user_type` varchar(255) NOT NULL,
  `dob` varchar(255) DEFAULT NULL,
  `gender` varchar(255) DEFAULT NULL,
  `photo` varchar(255) NOT NULL DEFAULT 'http://localhost/school/lav_sms/public/global_assets/images/user.png',
  `phone` varchar(255) DEFAULT NULL,
  `phone2` varchar(255) DEFAULT NULL,
  `bg_id` int(10) UNSIGNED DEFAULT NULL,
  `state_id` int(10) UNSIGNED DEFAULT NULL,
  `lga_id` int(10) UNSIGNED DEFAULT NULL,
  `nal_id` int(10) UNSIGNED DEFAULT NULL,
  `address` varchar(255) DEFAULT NULL,
  `email_verified_at` timestamp NULL DEFAULT NULL,
  `password` varchar(255) NOT NULL,
  `remember_token` varchar(100) DEFAULT NULL,
  `created_at` timestamp NULL DEFAULT NULL,
  `updated_at` timestamp NULL DEFAULT NULL
) ENGINE=InnoDB DEFAULT CHARSET=utf8mb4 COLLATE=utf8mb4_unicode_ci;

--
-- Dumping data for table `users`
--

INSERT INTO `users` (`id`, `name`, `email`, `code`, `username`, `user_type`, `dob`, `gender`, `photo`, `phone`, `phone2`, `bg_id`, `state_id`, `lga_id`, `nal_id`, `address`, `email_verified_at`, `password`, `remember_token`, `created_at`, `updated_at`) VALUES
(1, 'Kimjo Tech', 'cj@cj.com', 'ZHUKJURAMC', 'cj', 'super_admin', NULL, NULL, 'http://localhost/school/lav_sms/public/global_assets/images/user.png', NULL, NULL, NULL, NULL, NULL, NULL, NULL, NULL, '$2y$10$HHDqSRwbF99WBFMYieguQu6IHPxkm.piLF4JjwNPSUL1NMdVWkUXO', 'ATDQn6ETvS8OxGUHyEGvC3Qc4xXB48P4qO2KaiTqDHNkc1rcKkM3CySVx9DW', NULL, NULL),
(2, 'Admin KORA', 'admin@admin.com', 'JONPXQIYLL', 'admin', 'admin', NULL, NULL, 'http://localhost/school/lav_sms/public/global_assets/images/user.png', NULL, NULL, NULL, NULL, NULL, NULL, NULL, NULL, '$2y$10$HHDqSRwbF99WBFMYieguQu6IHPxkm.piLF4JjwNPSUL1NMdVWkUXO', '6458flT6Wa', NULL, NULL),
(3, 'Teacher Chike', 'teacher@teacher.com', 'CAEUPHHVXN', 'teacher', 'teacher', NULL, NULL, 'http://localhost/school/lav_sms/public/global_assets/images/user.png', NULL, NULL, NULL, NULL, NULL, NULL, NULL, NULL, '$2y$10$HHDqSRwbF99WBFMYieguQu6IHPxkm.piLF4JjwNPSUL1NMdVWkUXO', '4fpATLGSIrVl3btXMQZTammwsxIkrRMVpi5OROARzBrNtEQKw0GzTUxdluCu', NULL, NULL),
(4, 'Parent Kaba', 'parent@parent.com', 'HZSZ5IRU9Z', 'parent', 'parent', NULL, NULL, 'http://localhost/school/lav_sms/public/global_assets/images/user.png', NULL, NULL, NULL, NULL, NULL, NULL, NULL, NULL, '$2y$10$HHDqSRwbF99WBFMYieguQu6IHPxkm.piLF4JjwNPSUL1NMdVWkUXO', 'TAkFg5jIiDQAgkZgZ9OPyHgdr2n4wWBva935OPruGZv9bs8eWKYPecFQzRva', NULL, NULL),
(5, 'Accountant Jeff', 'accountant@accountant.com', 'C8S5A7XJDK', 'accountant', 'accountant', NULL, NULL, 'http://localhost/school/lav_sms/public/global_assets/images/user.png', NULL, NULL, NULL, NULL, NULL, NULL, NULL, NULL, '$2y$10$HHDqSRwbF99WBFMYieguQu6IHPxkm.piLF4JjwNPSUL1NMdVWkUXO', 'Oc0W4hJmHlDEqLvfNiSTADpFO4AYfGfi4LNJRYl8FYF4ZE6WPFDjsD3wmJML', NULL, NULL),
(6, 'Admin 1', 'admin1@admin.com', 'QSMN26J7RU', 'admin1', 'admin', NULL, NULL, 'http://localhost/school/lav_sms/public/global_assets/images/user.png', NULL, NULL, NULL, NULL, NULL, NULL, NULL, NULL, '$2y$10$N6Q8r41Oews8dtzHGVHNAOIBps2st3FkIv2QairfembIGje1JpVwq', 'nSZRRiyudf', NULL, NULL),
(7, 'Madam Stella', 'madam@stella.com', 'QFJ34KUIK6', 'CJIA/STAFF/1970/01/2393', 'teacher', NULL, 'Female', 'http://localhost/school/lav_sms/public/global_assets/images/user.png', NULL, NULL, 2, 2, 18, 176, 'mbezi beach', NULL, '$2y$10$h/m3sVPovoKUdEdkujQxR.lq0c0lCAiPm7fSHwJt9X2pUIJOTFbWG', 'IggGdKzAMA', NULL, '2022-05-02 04:04:15'),
(8, 'Accountant 1', 'accountant1@accountant.com', 'EPH31PPOUW', 'accountant1', 'accountant', NULL, NULL, 'http://localhost/school/lav_sms/public/global_assets/images/user.png', NULL, NULL, NULL, NULL, NULL, NULL, NULL, NULL, '$2y$10$6rm7VdrLBdnT7Clflk34bO7uGrX/B.9AKHSdMOGHfpS0fRV//MsCS', 'NvdPEylBfU', NULL, NULL),
(9, 'Parent 1', 'parent1@parent.com', 'MLRQLPZCS1', 'parent1', 'parent', NULL, NULL, 'http://localhost/school/lav_sms/public/global_assets/images/user.png', NULL, NULL, NULL, NULL, NULL, NULL, NULL, NULL, '$2y$10$KOjCU4Gn9XNLKx1HkpeYTOG8oJjp/3YAzoLnqxG5SkJXr2.zz1Ndi', 'k94HeQ9wIT', NULL, NULL),
(10, 'Admin 2', 'admin2@admin.com', 'VQXZ4UFJDM', 'admin2', 'admin', NULL, NULL, 'http://localhost/school/lav_sms/public/global_assets/images/user.png', NULL, NULL, NULL, NULL, NULL, NULL, NULL, NULL, '$2y$10$BCgVKEI6038DWMMuFz.I5ePEz9ZxSx3xrEUvN5CxZLxsMwA3zI6Ai', 'wnHmwUdo6W', NULL, NULL),
(11, 'Teacher 2', 'teacher2@teacher.com', 'QLOVQDWHGJ', 'teacher2', 'teacher', NULL, NULL, 'http://localhost/school/lav_sms/public/global_assets/images/user.png', NULL, NULL, NULL, NULL, NULL, NULL, NULL, NULL, '$2y$10$bFbSWHEYgEAOcvpx9BlLkOATeZHpxghBUgL4rYAXcipBzjzEPmh6.', 'qOTQRkQTN3', NULL, NULL),
(12, 'Accountant 2', 'accountant2@accountant.com', 'Y74KGYPFJU', 'accountant2', 'accountant', NULL, NULL, 'http://localhost/school/lav_sms/public/global_assets/images/user.png', NULL, NULL, NULL, NULL, NULL, NULL, NULL, NULL, '$2y$10$G7iGRif13IFTx1gDycfXH.urDtfwjTRkbGmc4s.bEgyaMc/9NfqIG', 'IU7UcRpwpD', NULL, NULL),
(13, 'Parent 2', 'parent2@parent.com', 'TXZJS50UNR', 'parent2', 'parent', NULL, NULL, 'http://localhost/school/lav_sms/public/global_assets/images/user.png', NULL, NULL, NULL, NULL, NULL, NULL, NULL, NULL, '$2y$10$J8ukvCEbI9WFGK3IwWrqcuj0sX37iLrpQPoe.SJNYJDwwkk5iaHOi', 'U9sgoYRDmL', NULL, NULL),
(14, 'Admin 3', 'admin3@admin.com', 'AM9NKVVC46', 'admin3', 'admin', NULL, NULL, 'http://localhost/school/lav_sms/public/global_assets/images/user.png', NULL, NULL, NULL, NULL, NULL, NULL, NULL, NULL, '$2y$10$YLrJw.ha2WawDqihp5u1Oe/LLkMu5ycEfQdovN6ZE2WzGP6htab96', 'LWDc7wPnXi', NULL, NULL),
(15, 'Teacher 3', 'teacher3@teacher.com', 'ABEWZEE2VH', 'teacher3', 'teacher', NULL, NULL, 'http://localhost/school/lav_sms/public/global_assets/images/user.png', NULL, NULL, NULL, NULL, NULL, NULL, NULL, NULL, '$2y$10$hrSUlQUPhY6VfDUiJ7TNa.T1S2NjZb7K1s1mDcLmlcNYA2Q1.PYei', 'YihLcw1ZP4', NULL, NULL),
(16, 'Accountant 3', 'accountant3@accountant.com', '9AXMWULHBI', 'accountant3', 'accountant', NULL, NULL, 'http://localhost/school/lav_sms/public/global_assets/images/user.png', NULL, NULL, NULL, NULL, NULL, NULL, NULL, NULL, '$2y$10$gzt0eG9FtOSrqhIWZYwsP.zof2bbW0tg/oof8ur2HhK0pI8C6zXD2', 'nJ2DYOGxvX', NULL, NULL),
(17, 'Parent 3', 'parent3@parent.com', 'BPSBQVDAVX', 'parent3', 'parent', NULL, NULL, 'http://localhost/school/lav_sms/public/global_assets/images/user.png', NULL, NULL, NULL, NULL, NULL, NULL, NULL, NULL, '$2y$10$3Zr20lopt1uBdScANaJAJeaKMK.jIVECh1KYKHxrrfFMQNgY2rha6', 'GiXYew7Z0V', NULL, NULL),
(18, 'Student CJ', 'student@student.com', 'HV37EBB235', 'student', 'student', NULL, NULL, 'http://localhost/school/lav_sms/public/global_assets/images/user.png', NULL, NULL, NULL, NULL, NULL, NULL, NULL, NULL, '$2y$10$jyylVOQ5Vl2sQd4Vy.3jrOUiZLUnMIN68nSdgj8vF3eckfywK9T7G', 'vHamzoVWe6', '2022-04-29 07:08:07', '2022-04-29 07:08:07'),
(19, 'Marvin Cartwright MD', 'summer.hauck@example.org', 'ZJVWBAJGPS', 'anastasia84', 'student', NULL, NULL, 'http://localhost/school/lav_sms/public/global_assets/images/user.png', NULL, NULL, NULL, NULL, NULL, NULL, NULL, NULL, '$2y$10$IN8YTr4ix3bZZonB29ZE5u8RlY4ezGX4IfcepESY/m6/GjjAs3tDe', 'krhRlQcqbY', '2022-04-29 07:08:08', '2022-04-29 07:08:08'),
(20, 'Vincenzo Langosh Jr.', 'tprohaska@example.com', 'EPBE7MSCAV', 'denesik.joshuah', 'student', NULL, NULL, 'http://localhost/school/lav_sms/public/global_assets/images/user.png', NULL, NULL, NULL, NULL, NULL, NULL, NULL, NULL, '$2y$10$IN8YTr4ix3bZZonB29ZE5u8RlY4ezGX4IfcepESY/m6/GjjAs3tDe', '5YUclAKy3F', '2022-04-29 07:08:08', '2022-04-29 07:08:08'),
(21, 'Elmer Cormier', 'aidan59@example.org', 'NUAQD8QPIW', 'gerlach.wava', 'student', NULL, NULL, 'http://localhost/school/lav_sms/public/global_assets/images/user.png', NULL, NULL, NULL, NULL, NULL, NULL, NULL, NULL, '$2y$10$IN8YTr4ix3bZZonB29ZE5u8RlY4ezGX4IfcepESY/m6/GjjAs3tDe', 'mMPbwGiSmg', '2022-04-29 07:08:09', '2022-04-29 07:08:09'),
(22, 'Ms. Kaylah Wiegand', 'christy12@example.net', 'H57XEQL7QS', 'wunsch.buddy', 'student', NULL, NULL, 'http://localhost/school/lav_sms/public/global_assets/images/user.png', NULL, NULL, NULL, NULL, NULL, NULL, NULL, NULL, '$2y$10$0Tp.tQy75mHbQbeDDJIHEuHdbZWtK3G5VFycsNvfB8GlwajHgDQmG', 'zZ5SceU8N4', '2022-04-29 07:08:09', '2022-04-29 07:08:09'),
(23, 'Bradly Champlin', 'leannon.eriberto@example.net', 'XX7RDZ0IJC', 'torp.missouri', 'student', NULL, NULL, 'http://localhost/school/lav_sms/public/global_assets/images/user.png', NULL, NULL, NULL, NULL, NULL, NULL, NULL, NULL, '$2y$10$0Tp.tQy75mHbQbeDDJIHEuHdbZWtK3G5VFycsNvfB8GlwajHgDQmG', 'U9VSYisAX9', '2022-04-29 07:08:10', '2022-04-29 07:08:10'),
(24, 'Lonny Hermiston PhD', 'kilback.camilla@example.net', 'TYSEMKTYMR', 'loren.adams', 'student', NULL, NULL, 'http://localhost/school/lav_sms/public/global_assets/images/user.png', NULL, NULL, NULL, NULL, NULL, NULL, NULL, NULL, '$2y$10$0Tp.tQy75mHbQbeDDJIHEuHdbZWtK3G5VFycsNvfB8GlwajHgDQmG', 't6U9oueIFs', '2022-04-29 07:08:10', '2022-04-29 07:08:10'),
(25, 'Clair Emmerich', 'gmiller@example.com', 'MFKX3G3B03', 'klocko.rupert', 'student', NULL, NULL, 'http://localhost/school/lav_sms/public/global_assets/images/user.png', NULL, NULL, NULL, NULL, NULL, NULL, NULL, NULL, '$2y$10$D2LPDxYz/5wd2CHdC6pjX.gm2vgTcSVGN/GovZurXwGk/j2rclQ3W', 'r1SjEjBRil', '2022-04-29 07:08:10', '2022-04-29 07:08:10'),
(26, 'Tavares Jakubowski', 'tate49@example.net', 'K00URWKBSI', 'johnston.anissa', 'student', NULL, NULL, 'http://localhost/school/lav_sms/public/global_assets/images/user.png', NULL, NULL, NULL, NULL, NULL, NULL, NULL, NULL, '$2y$10$D2LPDxYz/5wd2CHdC6pjX.gm2vgTcSVGN/GovZurXwGk/j2rclQ3W', 'DF6cSR9RrD', '2022-04-29 07:08:11', '2022-04-29 07:08:11'),
(27, 'Ms. Shayna Muller DDS', 'jimmie.kunde@example.com', 'JVF2KF9M3P', 'earlene65', 'student', NULL, NULL, 'http://localhost/school/lav_sms/public/global_assets/images/user.png', NULL, NULL, NULL, NULL, NULL, NULL, NULL, NULL, '$2y$10$D2LPDxYz/5wd2CHdC6pjX.gm2vgTcSVGN/GovZurXwGk/j2rclQ3W', 'Qd7J0AYjml', '2022-04-29 07:08:11', '2022-04-29 07:08:11'),
(28, 'Ewald O\'Hara', 'arvilla.prosacco@example.com', 'ACZ1VIO6PB', 'gruecker', 'student', NULL, NULL, 'http://localhost/school/lav_sms/public/global_assets/images/user.png', NULL, NULL, NULL, NULL, NULL, NULL, NULL, NULL, '$2y$10$xXhbh9wiqhk2lRd6b86YZ.OiRMpG2m53k1Wl8JfkMPIsH9L3QQdbK', 'BxtL0UCyaY', '2022-04-29 07:08:11', '2022-04-29 07:08:11'),
(29, 'Dr. Jammie Reinger III', 'plang@example.net', 'L5J2JZPPIR', 'gottlieb.meggie', 'student', NULL, NULL, 'http://localhost/school/lav_sms/public/global_assets/images/user.png', NULL, NULL, NULL, NULL, NULL, NULL, NULL, NULL, '$2y$10$xXhbh9wiqhk2lRd6b86YZ.OiRMpG2m53k1Wl8JfkMPIsH9L3QQdbK', 'KRdmtOv5BW', '2022-04-29 07:08:12', '2022-04-29 07:08:12'),
(30, 'Dudley Rath', 'ortiz.rebekah@example.com', '5IOKZSKJLB', 'afton68', 'student', NULL, NULL, 'http://localhost/school/lav_sms/public/global_assets/images/user.png', NULL, NULL, NULL, NULL, NULL, NULL, NULL, NULL, '$2y$10$xXhbh9wiqhk2lRd6b86YZ.OiRMpG2m53k1Wl8JfkMPIsH9L3QQdbK', 'UetzWdHkqQ', '2022-04-29 07:08:12', '2022-04-29 07:08:12'),
(31, 'Ms. Eliane Schaefer Jr.', 'lulu49@example.com', 'ULKQZ9QP40', 'nkohler', 'student', NULL, NULL, 'http://localhost/school/lav_sms/public/global_assets/images/user.png', NULL, NULL, NULL, NULL, NULL, NULL, NULL, NULL, '$2y$10$KMnTc0jKJ8UgGXfipJs9F.nX4Y7dhlPH8lwcZ8k8vpt92VdsHMiCe', 'xJrN9I1DcX', '2022-04-29 07:08:12', '2022-04-29 07:08:12'),
(32, 'Dr. Richie Bechtelar', 'raynor.giovanna@example.com', '55BFKUUWHC', 'bechtelar.lizzie', 'student', NULL, NULL, 'http://localhost/school/lav_sms/public/global_assets/images/user.png', NULL, NULL, NULL, NULL, NULL, NULL, NULL, NULL, '$2y$10$KMnTc0jKJ8UgGXfipJs9F.nX4Y7dhlPH8lwcZ8k8vpt92VdsHMiCe', 'xJ0XaLyqre', '2022-04-29 07:08:13', '2022-04-29 07:08:13'),
(33, 'Mrs. Isobel Will MD', 'raul.schoen@example.org', 'DKZFUZ28KB', 'santiago.bosco', 'student', NULL, NULL, 'http://localhost/school/lav_sms/public/global_assets/images/user.png', NULL, NULL, NULL, NULL, NULL, NULL, NULL, NULL, '$2y$10$KMnTc0jKJ8UgGXfipJs9F.nX4Y7dhlPH8lwcZ8k8vpt92VdsHMiCe', 'HamR4sMzYu', '2022-04-29 07:08:13', '2022-04-29 07:08:13'),
(34, 'Kennedy Koelpin', 'kreiger.pierre@example.net', 'ZQOPV3IECR', 'eileen.ankunding', 'student', NULL, NULL, 'http://localhost/school/lav_sms/public/global_assets/images/user.png', NULL, NULL, NULL, NULL, NULL, NULL, NULL, NULL, '$2y$10$KVd5FVyHCv5b82pI2CqzpuwiQrm8DemnbL06TaZ675bgvJR/uebji', '0I5lz803tV', '2022-04-29 07:08:13', '2022-04-29 07:08:13'),
(35, 'Eino Prohaska', 'leann65@example.org', 'LVRREHLIFB', 'elijah65', 'student', NULL, NULL, 'http://localhost/school/lav_sms/public/global_assets/images/user.png', NULL, NULL, NULL, NULL, NULL, NULL, NULL, NULL, '$2y$10$KVd5FVyHCv5b82pI2CqzpuwiQrm8DemnbL06TaZ675bgvJR/uebji', 'byWwj24DzG', '2022-04-29 07:08:14', '2022-04-29 07:08:14'),
(36, 'Alanis Robel', 'wrippin@example.com', 'JBUUJMYZ2U', 'hilpert.asia', 'student', NULL, NULL, 'http://localhost/school/lav_sms/public/global_assets/images/user.png', NULL, NULL, NULL, NULL, NULL, NULL, NULL, NULL, '$2y$10$KVd5FVyHCv5b82pI2CqzpuwiQrm8DemnbL06TaZ675bgvJR/uebji', 'Fm6hyo2bEF', '2022-04-29 07:08:14', '2022-04-29 07:08:14'),
(37, 'Reese Jerde', 'janie.renner@example.org', 'KZXCCA1TL4', 'lew44', 'student', NULL, NULL, 'http://localhost/school/lav_sms/public/global_assets/images/user.png', NULL, NULL, NULL, NULL, NULL, NULL, NULL, NULL, '$2y$10$sOhge85HGi9/snHFEunce.p7wvapTjgaQg4gKlIrzjiqOJX9u7zTS', 'PfX5vh7YBQ', '2022-04-29 07:08:14', '2022-04-29 07:08:14'),
(38, 'Barton Kautzer', 'jaden15@example.org', 'NYNRVBAVWX', 'eldora21', 'student', NULL, NULL, 'http://localhost/school/lav_sms/public/global_assets/images/user.png', NULL, NULL, NULL, NULL, NULL, NULL, NULL, NULL, '$2y$10$sOhge85HGi9/snHFEunce.p7wvapTjgaQg4gKlIrzjiqOJX9u7zTS', 'aVq73EEkUD', '2022-04-29 07:08:14', '2022-04-29 07:08:14'),
(39, 'Edgar McKenzie Sr.', 'madyson.gaylord@example.org', 'Z8JZWW1WOE', 'tlueilwitz', 'student', NULL, NULL, 'http://localhost/school/lav_sms/public/global_assets/images/user.png', NULL, NULL, NULL, NULL, NULL, NULL, NULL, NULL, '$2y$10$sOhge85HGi9/snHFEunce.p7wvapTjgaQg4gKlIrzjiqOJX9u7zTS', 'rs6k7Ps6V3', '2022-04-29 07:08:15', '2022-04-29 07:08:15'),
(40, 'Alexys Zemlak', 'langworth.dasia@example.net', 'HOCEIRX21Z', 'stoltenberg.kenny', 'student', NULL, NULL, 'http://localhost/school/lav_sms/public/global_assets/images/user.png', NULL, NULL, NULL, NULL, NULL, NULL, NULL, NULL, '$2y$10$jLnEeDFmf3gs31ammtlDr.3t0OUfwu.tdQQhcKVKZca4EAANCg7xe', 'HCzRh1TO53', '2022-04-29 07:08:15', '2022-04-29 07:08:15'),
(41, 'Turner Keebler', 'yveum@example.org', 'PDFOOPJDZG', 'oceane28', 'student', NULL, NULL, 'http://localhost/school/lav_sms/public/global_assets/images/user.png', NULL, NULL, NULL, NULL, NULL, NULL, NULL, NULL, '$2y$10$jLnEeDFmf3gs31ammtlDr.3t0OUfwu.tdQQhcKVKZca4EAANCg7xe', 'FKp6G3x3nD', '2022-04-29 07:08:15', '2022-04-29 07:08:15'),
(42, 'Elise Gottlieb', 'fgorczany@example.com', '9H9EYCXIJK', 'wblick', 'student', NULL, NULL, 'http://localhost/school/lav_sms/public/global_assets/images/user.png', NULL, NULL, NULL, NULL, NULL, NULL, NULL, NULL, '$2y$10$jLnEeDFmf3gs31ammtlDr.3t0OUfwu.tdQQhcKVKZca4EAANCg7xe', 'Thnr0bJzmh', '2022-04-29 07:08:15', '2022-04-29 07:08:15'),
(43, 'Ana Volkman DDS', 'ykreiger@example.com', 'U0A8OGOUNV', 'kim.abernathy', 'student', NULL, NULL, 'http://localhost/school/lav_sms/public/global_assets/images/user.png', NULL, NULL, NULL, NULL, NULL, NULL, NULL, NULL, '$2y$10$sjBMFiJkT7ZM7wtFamQgI.wX5sHFX6Xuon0T8ccIph5tzGVgOlQyq', 'mzaea0Vtvs', '2022-04-29 07:08:16', '2022-04-29 07:08:16'),
(44, 'Mr. Armando Wilkinson', 'hmante@example.com', '0VOYSYZCHW', 'mekhi.feest', 'student', NULL, NULL, 'http://localhost/school/lav_sms/public/global_assets/images/user.png', NULL, NULL, NULL, NULL, NULL, NULL, NULL, NULL, '$2y$10$sjBMFiJkT7ZM7wtFamQgI.wX5sHFX6Xuon0T8ccIph5tzGVgOlQyq', 'Ur4dU1194s', '2022-04-29 07:08:16', '2022-04-29 07:08:16'),
(45, 'Prof. Alejandrin Bechtelar', 'jamil.spencer@example.org', 'WYE6HBIX6L', 'jherman', 'student', NULL, NULL, 'http://localhost/school/lav_sms/public/global_assets/images/user.png', NULL, NULL, NULL, NULL, NULL, NULL, NULL, NULL, '$2y$10$sjBMFiJkT7ZM7wtFamQgI.wX5sHFX6Xuon0T8ccIph5tzGVgOlQyq', 'Q3qEQr6j1d', '2022-04-29 07:08:16', '2022-04-29 07:08:16'),
(46, 'Griffin Glover DVM', 'gislason.shanna@example.com', 'HPUTWRHFJP', 'sawayn.rico', 'student', NULL, NULL, 'http://localhost/school/lav_sms/public/global_assets/images/user.png', NULL, NULL, NULL, NULL, NULL, NULL, NULL, NULL, '$2y$10$TKaoXfmcvxXs5fObO1hWFey766X2X2eqVlAtYRUqF4kV3lvjH3Aou', 'niTnncMPwO', '2022-04-29 07:08:17', '2022-04-29 07:08:17'),
(47, 'Dr. Ismael Streich', 'javonte20@example.org', 'HCI4GREHUB', 'nelle04', 'student', NULL, NULL, 'http://localhost/school/lav_sms/public/global_assets/images/user.png', NULL, NULL, NULL, NULL, NULL, NULL, NULL, NULL, '$2y$10$TKaoXfmcvxXs5fObO1hWFey766X2X2eqVlAtYRUqF4kV3lvjH3Aou', 'iLH9XG55Rk', '2022-04-29 07:08:17', '2022-04-29 07:08:17'),
(48, 'Dr. Adella Hackett II', 'lester86@example.org', '7HW1ASCAV0', 'kassulke.marcelino', 'student', NULL, NULL, 'http://localhost/school/lav_sms/public/global_assets/images/user.png', NULL, NULL, NULL, NULL, NULL, NULL, NULL, NULL, '$2y$10$TKaoXfmcvxXs5fObO1hWFey766X2X2eqVlAtYRUqF4kV3lvjH3Aou', '93KdVQSufK', '2022-04-29 07:08:17', '2022-04-29 07:08:17'),
(49, 'Daisy Grimes', 'geo93@example.org', 'L0UJMPSDYA', 'narciso71', 'student', NULL, NULL, 'http://localhost/school/lav_sms/public/global_assets/images/user.png', NULL, NULL, NULL, NULL, NULL, NULL, NULL, NULL, '$2y$10$CPmVADp5DTQ0MsldCN7qROiWj0ZAF62qPCMb4X/HS6P6NcOo6xfAK', 'z5hn1sWbFi', '2022-04-29 07:08:18', '2022-04-29 07:08:18'),
(50, 'Mr. Geoffrey Denesik DVM', 'devan45@example.net', 'ZP60G2UEV1', 'ryley15', 'student', NULL, NULL, 'http://localhost/school/lav_sms/public/global_assets/images/user.png', NULL, NULL, NULL, NULL, NULL, NULL, NULL, NULL, '$2y$10$CPmVADp5DTQ0MsldCN7qROiWj0ZAF62qPCMb4X/HS6P6NcOo6xfAK', '1aMJnlNlAn', '2022-04-29 07:08:18', '2022-04-29 07:08:18'),
(51, 'Mr. Tremaine Greenfelder PhD', 'virgie61@example.net', 'VVPIQVXDCR', 'ustokes', 'student', NULL, NULL, 'http://localhost/school/lav_sms/public/global_assets/images/user.png', NULL, NULL, NULL, NULL, NULL, NULL, NULL, NULL, '$2y$10$CPmVADp5DTQ0MsldCN7qROiWj0ZAF62qPCMb4X/HS6P6NcOo6xfAK', '8bTFR8358H', '2022-04-29 07:08:18', '2022-04-29 07:08:18'),
(52, 'Haylie Von', 'jacobson.jadon@example.com', 'U4UUT8TI4P', 'giovanny.welch', 'student', NULL, NULL, 'http://localhost/school/lav_sms/public/global_assets/images/user.png', NULL, NULL, NULL, NULL, NULL, NULL, NULL, NULL, '$2y$10$H3B2WkDFpYLkeD9oEt4wvOOf5IMVN6BoGGSwtG8BdIRucJ7HuZUpq', 'xpdZPGRnUz', '2022-04-29 07:08:19', '2022-04-29 07:08:19'),
(53, 'Cierra Borer', 'block.blair@example.com', 'BNITG0PYYF', 'schuster.addison', 'student', NULL, NULL, 'http://localhost/school/lav_sms/public/global_assets/images/user.png', NULL, NULL, NULL, NULL, NULL, NULL, NULL, NULL, '$2y$10$H3B2WkDFpYLkeD9oEt4wvOOf5IMVN6BoGGSwtG8BdIRucJ7HuZUpq', 'd8I0DlvxwZ', '2022-04-29 07:08:19', '2022-04-29 07:08:19'),
(54, 'Prof. Dax Kreiger', 'xsmitham@example.org', 'FWDNKTUNGE', 'simonis.cruz', 'student', NULL, NULL, 'http://localhost/school/lav_sms/public/global_assets/images/user.png', NULL, NULL, NULL, NULL, NULL, NULL, NULL, NULL, '$2y$10$H3B2WkDFpYLkeD9oEt4wvOOf5IMVN6BoGGSwtG8BdIRucJ7HuZUpq', '1UO2f3hytH', '2022-04-29 07:08:19', '2022-04-29 07:08:19'),
(55, 'Madam Glory', 'madam@glory.com', 'IABMDAMHKK', 'CJIA/STAFF/2022/01/5772', 'teacher', NULL, 'Female', 'http://localhost/school/lav_sms/public/global_assets/images/user.png', '0710426511', '0710426568', 2, 2, 18, 176, 'mbezi beach', NULL, '$2y$10$Ar01prOBCycI1uT5eZCH0u/c8gC2c/VTpD4Fl5Xwf8dm6jx/juVD6', NULL, '2022-05-02 03:51:39', '2022-05-02 03:51:39'),
(56, 'Madam Veneranda', 'madam@veneranda.com', 'AERVC0JVXH', 'CJIA/STAFF/2022/01/6173', 'teacher', NULL, 'Female', 'http://localhost/school/lav_sms/public/global_assets/images/user.png', '0710426509', NULL, 2, 2, 18, 176, 'mbezi beach', NULL, '$2y$10$q1g6MYtytF2AuokosLQFX.TTFu3tP8ZEERwoD60bOZA/uyU4uH76m', NULL, '2022-05-02 04:03:06', '2022-05-02 04:03:06'),
(57, 'Mr Manyanya', 'mr@manyanya.com', '6R4EC8TPCJ', 'CJIA/STAFF/2022/02/5147', 'teacher', NULL, 'Male', 'http://localhost/school/lav_sms/public/global_assets/images/user.png', '0710426521', '0710426568', 5, 2, 18, 176, 'mbezi beach', NULL, '$2y$10$7wnr8ZQjrXa2pk334v1lauNnMJ.B5M.3X3hfp/4WWcH7dOlIKz4PS', NULL, '2022-05-02 04:23:23', '2022-05-02 04:23:23'),
(58, 'Mr Innocent', 'mr@innocent.com', 'YSTOMEXHHG', 'CJIA/STAFF/1970/01/8181', 'teacher', NULL, 'Male', 'http://localhost/school/lav_sms/public/global_assets/images/user.png', NULL, NULL, 5, 2, 18, 176, 'mbezi beach', NULL, '$2y$10$g9N8n9V65H6MP1UBXz003OSOrF/r0Zh2AA.PWXp5ZTlMoTrM7p.Fy', NULL, '2022-05-02 04:25:34', '2022-05-02 04:25:34'),
(59, 'Mr Teotim', 'mr@teotim.com', 'XBFJZ6B3TM', 'CJIA/STAFF/2022/02/1831', 'teacher', NULL, 'Male', 'http://localhost/school/lav_sms/public/global_assets/images/user.png', NULL, NULL, 5, 2, 18, 176, 'mbezi beach', NULL, '$2y$10$fC9dEME9z7DtD28d8qcabumOLXBGj3zuxXJ4Ifs7hEukGN2KnMlYO', NULL, '2022-05-02 04:28:00', '2022-05-02 04:28:00'),
(60, 'Mr Mbilikwa', 'mr@mbilikwa.com', 'LT8M6HM8SR', 'CJIA/STAFF/2022/02/6215', 'teacher', NULL, 'Male', 'http://localhost/school/lav_sms/public/global_assets/images/user.png', NULL, NULL, 5, 1, 1, 176, 'mbezi beach', NULL, '$2y$10$/HTNnjNG6H87JLlp1NWgoO9Yc4bD9RQrzAM.wMHvMH52ArC8OK.22', NULL, '2022-05-02 04:31:09', '2022-05-02 04:31:09'),
(61, 'Mr Godfrey', 'mr@godfrey.com', 'ELLK0LIPXQ', 'CJIA/STAFF/2022/02/9528', 'teacher', NULL, 'Male', 'http://localhost/school/lav_sms/public/global_assets/images/user.png', NULL, NULL, 4, 4, 70, 176, 'mbezi beach', NULL, '$2y$10$4C8wn5c5qpGAwXNHffNkw.gHq1AFK9iLfdyOeKfu8v6K2/CnPvlg6', NULL, '2022-05-02 04:33:01', '2022-05-02 04:33:01'),
(62, 'Mr Kyarwenda', 'mr@kyarwenda.com', '3OKAEAQUYM', 'CJIA/STAFF/2022/02/3039', 'teacher', NULL, 'Male', 'http://localhost/school/lav_sms/public/global_assets/images/user.png', NULL, NULL, 5, 2, 18, 176, 'mbezi beach', NULL, '$2y$10$O.JNpP1IBqB6X14xIwVKFuAdWpX3uF32r5/4pXpSwzETKihAxQZGy', NULL, '2022-05-02 04:36:25', '2022-05-02 04:36:25'),
(63, 'Madam Prisca', 'madam@prisca.com', '4HI5AR4OEP', 'CJIA/STAFF/2022/02/6937', 'teacher', NULL, 'Female', 'http://localhost/school/lav_sms/public/global_assets/images/user.png', NULL, NULL, 7, 2, 18, 176, 'mbezi beach', NULL, '$2y$10$2SthMGLyVyQ48fB9f17LGOpYG.qRgfOLh0w8AAnO792rIzZQDmRfa', NULL, '2022-05-02 04:37:29', '2022-05-02 04:37:29'),
(64, 'Mr Gerald', 'mr@gerald.com', 'BSFO7TAFM9', 'CJIA/STAFF/2022/02/4171', 'teacher', NULL, 'Male', 'http://localhost/school/lav_sms/public/global_assets/images/user.png', NULL, NULL, 3, 2, 18, 176, 'mbezi beach', NULL, '$2y$10$UxVsil6Vjq9f.dlpYr0Ey.Af26ZPQSxW0uSv4CZEeT0TkxmM.5yRG', NULL, '2022-05-02 04:46:52', '2022-05-02 04:46:52'),
(65, 'Mr Jimmy', 'mr@jimmy.com', '4C2JHOWGXV', 'CJIA/STAFF/2022/01/8244', 'teacher', NULL, 'Male', 'http://localhost/school/lav_sms/public/global_assets/images/user.png', NULL, NULL, 4, 2, 18, 176, 'mbezi beach', NULL, '$2y$10$wY5nXDDUytsCgpKqxPxtV..Vh97.L4d84JuCIaOg4S0QyjW2YLlC.', NULL, '2022-05-02 07:02:14', '2022-05-02 07:02:14'),
(66, 'Madam Judith', 'madam@judith.com', '0IGL9E0ENA', 'CJIA/STAFF/2022/01/1676', 'teacher', NULL, 'Male', 'http://localhost/school/lav_sms/public/global_assets/images/user.png', NULL, NULL, NULL, 2, 18, 176, 'mbezi beach', NULL, '$2y$10$lmXw7iJrom28Vhohz91P5OO9Az/pmo4yNqLNpHqSYQ2n8cvHErIfG', NULL, '2022-05-02 07:03:19', '2022-05-02 07:03:19'),
(67, 'Mr Nyamhanga', 'mr@nyamhanga.com', 'DYGACZGVBQ', 'CJIA/STAFF/2022/01/6508', 'teacher', NULL, 'Male', 'http://localhost/school/lav_sms/public/global_assets/images/user.png', NULL, NULL, 5, 2, 18, 176, 'mbezi beach', NULL, '$2y$10$RrJhiQ1TmvfQQBtw0MvLQ.0zvLEtZU8NrDSgESJhvBjVytwUXRHnq', NULL, '2022-05-02 07:47:50', '2022-05-02 07:47:50'),
(68, 'Mr Benezeth', 'mr@benezeth', 'E0OWL2WJUA', 'CJIA/STAFF/2022/01/6046', 'teacher', NULL, 'Male', 'http://localhost/school/lav_sms/public/global_assets/images/user.png', NULL, NULL, 4, 2, 18, 176, 'mbezi beach', NULL, '$2y$10$B42Z6AhqnuPbmbHe5UkgOew2RqtgEEOeXpBJKaadVgzfE9n6fQEGy', NULL, '2022-05-02 07:49:23', '2022-05-02 07:49:23'),
(69, 'Mr Powel', 'mr@powel.com', 'USPXF7FOSP', 'CJIA/STAFF/2022/01/7111', 'teacher', NULL, 'Male', 'http://localhost/school/lav_sms/public/global_assets/images/user.png', NULL, NULL, 3, 2, 18, 176, 'mbezi beach', NULL, '$2y$10$EdbXBwRCL3EuFGwNeUw0FOxs6HxgEP85pRPUQJCN/XCnlBAC1HH1u', NULL, '2022-05-02 07:50:58', '2022-05-02 07:50:58'),
(70, 'Mr Jiwa', 'mr@jiwa.com', 'CP87CSRVBJ', 'CJIA/STAFF/2022/01/8290', 'teacher', NULL, 'Male', 'http://localhost/school/lav_sms/public/global_assets/images/user.png', NULL, NULL, 5, 2, 18, 176, 'mbezi beach', NULL, '$2y$10$peLqDymJvRxxn35.5EqFKu0iPGZCetbjgXZ.g1nPqZ/lBQ58NMkcW', NULL, '2022-05-02 07:55:00', '2022-05-02 07:55:00'),
(71, 'Mr Christianus', 'mr@christianus', 'ZKNATPPW6G', 'CJIA/STAFF/2022/01/3112', 'teacher', NULL, 'Male', 'http://localhost/school/lav_sms/public/global_assets/images/user.png', NULL, NULL, 4, 2, 18, 176, 'mbezi beach', NULL, '$2y$10$4qzYYg5Abdu9TCEbuEdxTucZJcphJI/cZ6pNlEUxa5Ud3cVIFXJLi', NULL, '2022-05-02 07:56:07', '2022-05-02 07:56:07'),
(72, 'Mr Gatawa', 'mr@gatawa.com', 'QPY7Y3P7OY', 'CJIA/STAFF/2022/01/1555', 'teacher', NULL, 'Male', 'http://localhost/school/lav_sms/public/global_assets/images/user.png', NULL, NULL, 5, 2, 18, 176, 'mbezi beach', NULL, '$2y$10$tVBULphXdzxbRzX3FQYCmuYnEcrWe.HG8hbA.H.v/5PuBBq/JRVPq', NULL, '2022-05-02 07:58:10', '2022-05-02 07:58:10'),
(73, 'Mr Yusuph', 'mr@yusuph.com', 'FKW40KAJHE', 'CJIA/STAFF/2021/12/8460', 'teacher', NULL, 'Male', 'http://localhost/school/lav_sms/public/global_assets/images/user.png', NULL, NULL, 4, 2, 18, 176, 'mbezi beach', NULL, '$2y$10$bPT6febRH5VCklX8qY49.Ong/VIBviaI1M8NmrIuE7miTGqQfxW0e', NULL, '2022-05-02 08:01:21', '2022-05-02 08:01:21'),
(74, 'Sister Susan', 'martinkaboja@gmail.com', 'RVYDFQPLBU', 'CJIA/STAFF/2021/12/7617', 'teacher', NULL, 'Female', 'http://localhost/school/lav_sms/public/global_assets/images/user.png', NULL, NULL, NULL, 2, 18, 176, 'mbezi beach', NULL, '$2y$10$QSnys56RqWhjOaWxSbz6i.Ot0y16e8CCBMnUSMaAh47UrgSTYYvYu', NULL, '2022-05-02 08:02:27', '2022-05-02 08:02:27'),
(75, 'Mr Goodluck', 'mr@goodluck.com', 'OWICI6QO08', 'CJIA/STAFF/2021/12/5233', 'teacher', NULL, 'Male', 'http://localhost/school/lav_sms/public/global_assets/images/user.png', NULL, NULL, NULL, 2, 18, 176, 'mbezi beach', NULL, '$2y$10$shTaPn9FSVHvhHqYf4/YXe4jSXtXXA7CVbUsWpRV2f6OAY4y3Mjh.', NULL, '2022-05-02 08:05:50', '2022-05-02 08:05:50'),
(76, 'Madam Bridget', 'madam@bridget.com', 'T109CBB7QF', 'CJIA/STAFF/2021/12/8426', 'teacher', NULL, 'Female', 'http://localhost/school/lav_sms/public/global_assets/images/user.png', NULL, NULL, NULL, 2, 18, 176, 'mbezi beach', NULL, '$2y$10$C.x2XsfI1AS0eXpCbDE3r.rk4X1iJedtfOt7dx5Myb0Ui5dWZ2Pqa', NULL, '2022-05-02 08:06:57', '2022-05-02 08:06:57'),
(77, 'Sister Theresia', 'siter@theresia.com', 'J4LBIELJXV', 'CJIA/STAFF/2021/12/4948', 'teacher', NULL, 'Female', 'http://localhost/school/lav_sms/public/global_assets/images/user.png', NULL, NULL, NULL, 2, 18, 176, 'mbezi beach', NULL, '$2y$10$pABWwPQoPcgDmAyxCFepOOZIb96lHORYMpWDu4c0NLThVW5KSqa.a', NULL, '2022-05-02 08:10:45', '2022-05-02 08:10:45'),
(78, 'Mr Pezuel', 'mr@pezuel.com', '8YWMWGNQBD', 'CJIA/STAFF/2022/01/6690', 'teacher', NULL, 'Male', 'http://localhost/school/lav_sms/public/global_assets/images/user.png', NULL, NULL, NULL, 2, 18, 176, 'mbezi beach', NULL, '$2y$10$VwIHqRoZREOd9Didrg8DS.yAS4/VlXiokAwbOzIdbSmwmG0Ffkukq', NULL, '2022-05-02 09:04:10', '2022-05-02 09:04:10'),
(79, 'Martin Kaboja', 'martinkaboja@gmail.con', '3LK1TR0QGO', 'CJIA/J/2022/25495', 'student', '06/25/1997', 'Male', 'http://localhost/school/lav_sms/public/global_assets/images/user.png', '+255710426568', NULL, 6, 2, 18, 176, 'mbezi beach', NULL, '$2y$10$pntAFYrt1/FJAnDPU1AUiOXXrvShfTvbI.jkbLgR.hTONercMKxBS', NULL, '2022-05-06 04:53:10', '2022-06-18 07:00:05'),
(80, 'Martin', NULL, 'GFTICGVCVG', 'CJIA/J/2012/70666', 'student', '06/14/2022', 'Male', 'http://localhost/shule-app/public/global_assets/images/user.png', '0710426521', NULL, NULL, 2, NULL, 176, 'mbezi beach', NULL, '$2y$10$AVw2WhgEPqIt0MQAyJ1ey.9vEWfxZoIzGbf80ZmWKUTVoRunL53x6', NULL, '2022-06-17 12:41:02', '2022-06-17 12:41:02'),
(81, 'Martin Kaboja', NULL, 'EEMDGM73EK', 'CJIA/J/2022/97683', 'student', '06/21/2022', 'Male', 'http://localhost/shule-app/public/global_assets/images/user.png', '+255710426568', NULL, NULL, 2, NULL, 176, 'mbezi beach', NULL, '$2y$10$MmYoh0L.zLl4QhN5hJBBFeoWNp.wqA5jUX5vgbQ6jBynYbCWqBDP6', NULL, '2022-06-18 06:58:45', '2022-06-18 06:58:45'),
(82, 'Martin Kaboja', NULL, 'S1ITD2MY9F', 'CJIA/P/2022/97092', 'student', '06/07/2022', 'Male', 'http://localhost/masaka_schools/public/global_assets/images/user.png', '+255710426568', NULL, NULL, 2, NULL, 176, 'mbezi beach', NULL, '$2y$10$1CWZpZohvC392xA/bXRqvuJro3Rmrkn7hbYZ0.nck0s1TFsD4SCPa', NULL, '2022-06-24 17:41:41', '2022-06-24 17:41:41'),
(83, 'Shaban Barry', NULL, 'XQRYZNKCRA', 'CJIA/P/2022/16792', 'student', '06/01/2022', 'Male', 'http://localhost/masaka_schools/public/global_assets/images/user.png', '+255710426568', NULL, NULL, 2, NULL, 176, 'mbezi beach', NULL, '$2y$10$2kYUMZgtTamenQ8Hf1fslOv3NJ12MBkhHGIhGQqMLDiw.XLZrJLP.', NULL, '2022-06-24 17:42:23', '2022-06-24 17:42:23'),
(84, 'Musa Jasho', NULL, 'R89YLQCVTP', 'CJIA/P/2022/78006', 'student', '06/01/2022', 'Male', 'http://localhost/masaka_schools/public/global_assets/images/user.png', '+255710426568', NULL, NULL, 2, NULL, 176, 'mbezi beach', NULL, '$2y$10$1p8Mept8/sEijDH6QtZmOeKX3tXX/hC8GBF1eVEA/iueG4Z9/GSey', NULL, '2022-06-24 17:43:03', '2022-06-24 17:43:03'),
(85, 'Antony Msukuma', NULL, 'UTWY05MYNB', 'CJIA/P/2022/89017', 'student', '06/01/2022', 'Male', 'https://citsapps.com/shule-app/public/global_assets/images/user.png', '+255762085152', NULL, NULL, 2, NULL, 176, 'mbezi beach', NULL, '$2y$10$IER7Ga/w0HVQeTdxJ9GwBeolhWZl2L5jGReutaU6LeLlft55FEqLO', NULL, '2022-06-26 11:14:46', '2022-06-26 11:14:46'),
(86, 'Masaka School', NULL, 'ECQFHU3SPZ', 'CJIA/P/2022/12353', 'student', '06/01/2022', 'Male', 'https://citsapps.com/shule-app/public/global_assets/images/user.png', '+255713322737', NULL, NULL, 2, NULL, 176, 'mbezi beach', NULL, '$2y$10$BYeksZ61v1SMjNdxUB.0ZOF8N9iJ0qvq8cV1K5gli5sGnLUaDUkou', NULL, '2022-06-26 12:20:26', '2022-06-26 12:20:26');

-- --------------------------------------------------------

--
-- Table structure for table `user_types`
--

CREATE TABLE `user_types` (
  `id` int(10) UNSIGNED NOT NULL,
  `title` varchar(255) NOT NULL,
  `name` varchar(255) NOT NULL,
  `level` varchar(255) NOT NULL,
  `created_at` timestamp NULL DEFAULT NULL,
  `updated_at` timestamp NULL DEFAULT NULL
) ENGINE=InnoDB DEFAULT CHARSET=utf8mb4 COLLATE=utf8mb4_unicode_ci;

--
-- Dumping data for table `user_types`
--

INSERT INTO `user_types` (`id`, `title`, `name`, `level`, `created_at`, `updated_at`) VALUES
(1, 'accountant', 'Accountant', '5', NULL, NULL),
(2, 'parent', 'Parent', '4', NULL, NULL),
(3, 'teacher', 'Teacher', '3', NULL, NULL),
(4, 'admin', 'Admin', '2', NULL, NULL),
(5, 'super_admin', 'Super Admin', '1', NULL, NULL);

--
-- Indexes for dumped tables
--

--
-- Indexes for table `blood_groups`
--
ALTER TABLE `blood_groups`
  ADD PRIMARY KEY (`id`);

--
-- Indexes for table `books`
--
ALTER TABLE `books`
  ADD PRIMARY KEY (`id`),
  ADD KEY `books_my_class_id_foreign` (`my_class_id`);

--
-- Indexes for table `book_requests`
--
ALTER TABLE `book_requests`
  ADD PRIMARY KEY (`id`),
  ADD KEY `book_requests_book_id_foreign` (`book_id`),
  ADD KEY `book_requests_user_id_foreign` (`user_id`);

--
-- Indexes for table `class_types`
--
ALTER TABLE `class_types`
  ADD PRIMARY KEY (`id`);

--
-- Indexes for table `dorms`
--
ALTER TABLE `dorms`
  ADD PRIMARY KEY (`id`),
  ADD UNIQUE KEY `dorms_name_unique` (`name`);

--
-- Indexes for table `exams`
--
ALTER TABLE `exams`
  ADD PRIMARY KEY (`id`);

--
-- Indexes for table `exam_records`
--
ALTER TABLE `exam_records`
  ADD PRIMARY KEY (`id`),
  ADD KEY `exam_records_exam_id_foreign` (`exam_id`),
  ADD KEY `exam_records_my_class_id_foreign` (`my_class_id`),
  ADD KEY `exam_records_student_id_foreign` (`student_id`),
  ADD KEY `exam_records_section_id_foreign` (`section_id`);

--
-- Indexes for table `grades`
--
ALTER TABLE `grades`
  ADD PRIMARY KEY (`id`),
  ADD UNIQUE KEY `grades_name_class_type_id_remark_unique` (`name`,`class_type_id`,`remark`),
  ADD KEY `grades_class_type_id_foreign` (`class_type_id`);

--
-- Indexes for table `lgas`
--
ALTER TABLE `lgas`
  ADD PRIMARY KEY (`id`),
  ADD KEY `lgas_state_id_foreign` (`state_id`);

--
-- Indexes for table `marks`
--
ALTER TABLE `marks`
  ADD PRIMARY KEY (`id`),
  ADD KEY `marks_student_id_foreign` (`student_id`),
  ADD KEY `marks_my_class_id_foreign` (`my_class_id`),
  ADD KEY `marks_section_id_foreign` (`section_id`),
  ADD KEY `marks_subject_id_foreign` (`subject_id`),
  ADD KEY `marks_exam_id_foreign` (`exam_id`),
  ADD KEY `marks_grade_id_foreign` (`grade_id`);

--
-- Indexes for table `migrations`
--
ALTER TABLE `migrations`
  ADD PRIMARY KEY (`id`);

--
-- Indexes for table `my_classes`
--
ALTER TABLE `my_classes`
  ADD PRIMARY KEY (`id`),
  ADD UNIQUE KEY `my_classes_class_type_id_name_unique` (`class_type_id`,`name`);

--
-- Indexes for table `nationalities`
--
ALTER TABLE `nationalities`
  ADD PRIMARY KEY (`id`);

--
-- Indexes for table `password_resets`
--
ALTER TABLE `password_resets`
  ADD KEY `password_resets_email_index` (`email`);

--
-- Indexes for table `payments`
--
ALTER TABLE `payments`
  ADD PRIMARY KEY (`id`),
  ADD UNIQUE KEY `payments_ref_no_unique` (`ref_no`),
  ADD KEY `payments_my_class_id_foreign` (`my_class_id`);

--
-- Indexes for table `payment_records`
--
ALTER TABLE `payment_records`
  ADD PRIMARY KEY (`id`),
  ADD UNIQUE KEY `payment_records_ref_no_unique` (`ref_no`),
  ADD KEY `payment_records_payment_id_foreign` (`payment_id`),
  ADD KEY `payment_records_student_id_foreign` (`student_id`);

--
-- Indexes for table `pins`
--
ALTER TABLE `pins`
  ADD PRIMARY KEY (`id`),
  ADD UNIQUE KEY `pins_code_unique` (`code`),
  ADD KEY `pins_user_id_foreign` (`user_id`),
  ADD KEY `pins_student_id_foreign` (`student_id`);

--
-- Indexes for table `promotions`
--
ALTER TABLE `promotions`
  ADD PRIMARY KEY (`id`),
  ADD KEY `promotions_student_id_foreign` (`student_id`),
  ADD KEY `promotions_from_class_foreign` (`from_class`),
  ADD KEY `promotions_from_section_foreign` (`from_section`),
  ADD KEY `promotions_to_section_foreign` (`to_section`),
  ADD KEY `promotions_to_class_foreign` (`to_class`);

--
-- Indexes for table `receipts`
--
ALTER TABLE `receipts`
  ADD PRIMARY KEY (`id`),
  ADD KEY `receipts_pr_id_foreign` (`pr_id`);

--
-- Indexes for table `sections`
--
ALTER TABLE `sections`
  ADD PRIMARY KEY (`id`),
  ADD UNIQUE KEY `sections_name_my_class_id_unique` (`name`,`my_class_id`),
  ADD KEY `sections_my_class_id_foreign` (`my_class_id`),
  ADD KEY `sections_teacher_id_foreign` (`teacher_id`);

--
-- Indexes for table `settings`
--
ALTER TABLE `settings`
  ADD PRIMARY KEY (`id`);

--
-- Indexes for table `skills`
--
ALTER TABLE `skills`
  ADD PRIMARY KEY (`id`);

--
-- Indexes for table `staff_records`
--
ALTER TABLE `staff_records`
  ADD PRIMARY KEY (`id`),
  ADD UNIQUE KEY `staff_records_code_unique` (`code`),
  ADD KEY `staff_records_user_id_foreign` (`user_id`);

--
-- Indexes for table `states`
--
ALTER TABLE `states`
  ADD PRIMARY KEY (`id`);

--
-- Indexes for table `student_records`
--
ALTER TABLE `student_records`
  ADD PRIMARY KEY (`id`),
  ADD UNIQUE KEY `student_records_adm_no_unique` (`adm_no`),
  ADD KEY `student_records_user_id_foreign` (`user_id`),
  ADD KEY `student_records_my_class_id_foreign` (`my_class_id`),
  ADD KEY `student_records_section_id_foreign` (`section_id`),
  ADD KEY `student_records_my_parent_id_foreign` (`my_parent_id`),
  ADD KEY `student_records_dorm_id_foreign` (`dorm_id`);

--
-- Indexes for table `subjects`
--
ALTER TABLE `subjects`
  ADD PRIMARY KEY (`id`),
  ADD UNIQUE KEY `subjects_my_class_id_name_unique` (`my_class_id`,`name`),
  ADD KEY `subjects_teacher_id_foreign` (`teacher_id`);

--
-- Indexes for table `time_slots`
--
ALTER TABLE `time_slots`
  ADD PRIMARY KEY (`id`),
  ADD UNIQUE KEY `time_slots_timestamp_from_timestamp_to_ttr_id_unique` (`timestamp_from`,`timestamp_to`,`ttr_id`),
  ADD KEY `time_slots_ttr_id_foreign` (`ttr_id`);

--
-- Indexes for table `time_tables`
--
ALTER TABLE `time_tables`
  ADD PRIMARY KEY (`id`),
  ADD UNIQUE KEY `time_tables_ttr_id_ts_id_day_unique` (`ttr_id`,`ts_id`,`day`),
  ADD UNIQUE KEY `time_tables_ttr_id_ts_id_exam_date_unique` (`ttr_id`,`ts_id`,`exam_date`),
  ADD KEY `time_tables_ts_id_foreign` (`ts_id`),
  ADD KEY `time_tables_subject_id_foreign` (`subject_id`);

--
-- Indexes for table `time_table_records`
--
ALTER TABLE `time_table_records`
  ADD PRIMARY KEY (`id`),
  ADD UNIQUE KEY `time_table_records_name_unique` (`name`),
  ADD UNIQUE KEY `time_table_records_my_class_id_exam_id_year_unique` (`my_class_id`,`exam_id`,`year`),
  ADD KEY `time_table_records_exam_id_foreign` (`exam_id`);

--
-- Indexes for table `users`
--
ALTER TABLE `users`
  ADD PRIMARY KEY (`id`),
  ADD UNIQUE KEY `users_code_unique` (`code`),
  ADD UNIQUE KEY `users_email_unique` (`email`),
  ADD UNIQUE KEY `users_username_unique` (`username`),
  ADD KEY `users_state_id_foreign` (`state_id`),
  ADD KEY `users_lga_id_foreign` (`lga_id`),
  ADD KEY `users_bg_id_foreign` (`bg_id`),
  ADD KEY `users_nal_id_foreign` (`nal_id`);

--
-- Indexes for table `user_types`
--
ALTER TABLE `user_types`
  ADD PRIMARY KEY (`id`);

--
-- AUTO_INCREMENT for dumped tables
--

--
-- AUTO_INCREMENT for table `blood_groups`
--
ALTER TABLE `blood_groups`
  MODIFY `id` int(10) UNSIGNED NOT NULL AUTO_INCREMENT, AUTO_INCREMENT=9;

--
-- AUTO_INCREMENT for table `books`
--
ALTER TABLE `books`
  MODIFY `id` int(10) UNSIGNED NOT NULL AUTO_INCREMENT;

--
-- AUTO_INCREMENT for table `book_requests`
--
ALTER TABLE `book_requests`
  MODIFY `id` int(10) UNSIGNED NOT NULL AUTO_INCREMENT;

--
-- AUTO_INCREMENT for table `class_types`
--
ALTER TABLE `class_types`
  MODIFY `id` int(10) UNSIGNED NOT NULL AUTO_INCREMENT, AUTO_INCREMENT=7;

--
-- AUTO_INCREMENT for table `dorms`
--
ALTER TABLE `dorms`
  MODIFY `id` int(10) UNSIGNED NOT NULL AUTO_INCREMENT, AUTO_INCREMENT=6;

--
-- AUTO_INCREMENT for table `exams`
--
ALTER TABLE `exams`
  MODIFY `id` int(10) UNSIGNED NOT NULL AUTO_INCREMENT, AUTO_INCREMENT=14;

--
-- AUTO_INCREMENT for table `exam_records`
--
ALTER TABLE `exam_records`
  MODIFY `id` int(10) UNSIGNED NOT NULL AUTO_INCREMENT, AUTO_INCREMENT=7;

--
-- AUTO_INCREMENT for table `grades`
--
ALTER TABLE `grades`
  MODIFY `id` int(10) UNSIGNED NOT NULL AUTO_INCREMENT, AUTO_INCREMENT=7;

--
-- AUTO_INCREMENT for table `lgas`
--
ALTER TABLE `lgas`
  MODIFY `id` int(10) UNSIGNED NOT NULL AUTO_INCREMENT, AUTO_INCREMENT=775;

--
-- AUTO_INCREMENT for table `marks`
--
ALTER TABLE `marks`
  MODIFY `id` int(10) UNSIGNED NOT NULL AUTO_INCREMENT, AUTO_INCREMENT=28;

--
-- AUTO_INCREMENT for table `migrations`
--
ALTER TABLE `migrations`
  MODIFY `id` int(10) UNSIGNED NOT NULL AUTO_INCREMENT, AUTO_INCREMENT=30;

--
-- AUTO_INCREMENT for table `my_classes`
--
ALTER TABLE `my_classes`
  MODIFY `id` int(10) UNSIGNED NOT NULL AUTO_INCREMENT, AUTO_INCREMENT=23;

--
-- AUTO_INCREMENT for table `nationalities`
--
ALTER TABLE `nationalities`
  MODIFY `id` int(10) UNSIGNED NOT NULL AUTO_INCREMENT, AUTO_INCREMENT=194;

--
-- AUTO_INCREMENT for table `payments`
--
ALTER TABLE `payments`
  MODIFY `id` int(10) UNSIGNED NOT NULL AUTO_INCREMENT, AUTO_INCREMENT=2;

--
-- AUTO_INCREMENT for table `payment_records`
--
ALTER TABLE `payment_records`
  MODIFY `id` int(10) UNSIGNED NOT NULL AUTO_INCREMENT, AUTO_INCREMENT=4;

--
-- AUTO_INCREMENT for table `pins`
--
ALTER TABLE `pins`
  MODIFY `id` int(10) UNSIGNED NOT NULL AUTO_INCREMENT;

--
-- AUTO_INCREMENT for table `promotions`
--
ALTER TABLE `promotions`
  MODIFY `id` int(10) UNSIGNED NOT NULL AUTO_INCREMENT;

--
-- AUTO_INCREMENT for table `receipts`
--
ALTER TABLE `receipts`
  MODIFY `id` int(10) UNSIGNED NOT NULL AUTO_INCREMENT, AUTO_INCREMENT=2;

--
-- AUTO_INCREMENT for table `sections`
--
ALTER TABLE `sections`
  MODIFY `id` int(10) UNSIGNED NOT NULL AUTO_INCREMENT, AUTO_INCREMENT=29;

--
-- AUTO_INCREMENT for table `settings`
--
ALTER TABLE `settings`
  MODIFY `id` int(10) UNSIGNED NOT NULL AUTO_INCREMENT, AUTO_INCREMENT=26;

--
-- AUTO_INCREMENT for table `skills`
--
ALTER TABLE `skills`
  MODIFY `id` int(10) UNSIGNED NOT NULL AUTO_INCREMENT, AUTO_INCREMENT=15;

--
-- AUTO_INCREMENT for table `staff_records`
--
ALTER TABLE `staff_records`
  MODIFY `id` int(10) UNSIGNED NOT NULL AUTO_INCREMENT, AUTO_INCREMENT=25;

--
-- AUTO_INCREMENT for table `states`
--
ALTER TABLE `states`
  MODIFY `id` int(10) UNSIGNED NOT NULL AUTO_INCREMENT, AUTO_INCREMENT=38;

--
-- AUTO_INCREMENT for table `student_records`
--
ALTER TABLE `student_records`
  MODIFY `id` int(10) UNSIGNED NOT NULL AUTO_INCREMENT, AUTO_INCREMENT=46;

--
-- AUTO_INCREMENT for table `subjects`
--
ALTER TABLE `subjects`
  MODIFY `id` int(10) UNSIGNED NOT NULL AUTO_INCREMENT, AUTO_INCREMENT=54;

--
-- AUTO_INCREMENT for table `time_slots`
--
ALTER TABLE `time_slots`
  MODIFY `id` int(10) UNSIGNED NOT NULL AUTO_INCREMENT, AUTO_INCREMENT=13;

--
-- AUTO_INCREMENT for table `time_tables`
--
ALTER TABLE `time_tables`
  MODIFY `id` int(10) UNSIGNED NOT NULL AUTO_INCREMENT, AUTO_INCREMENT=52;

--
-- AUTO_INCREMENT for table `time_table_records`
--
ALTER TABLE `time_table_records`
  MODIFY `id` int(10) UNSIGNED NOT NULL AUTO_INCREMENT, AUTO_INCREMENT=2;

--
-- AUTO_INCREMENT for table `users`
--
ALTER TABLE `users`
  MODIFY `id` int(10) UNSIGNED NOT NULL AUTO_INCREMENT, AUTO_INCREMENT=87;

--
-- AUTO_INCREMENT for table `user_types`
--
ALTER TABLE `user_types`
  MODIFY `id` int(10) UNSIGNED NOT NULL AUTO_INCREMENT, AUTO_INCREMENT=6;

--
-- Constraints for dumped tables
--

--
-- Constraints for table `books`
--
ALTER TABLE `books`
  ADD CONSTRAINT `books_my_class_id_foreign` FOREIGN KEY (`my_class_id`) REFERENCES `my_classes` (`id`) ON DELETE CASCADE;

--
-- Constraints for table `book_requests`
--
ALTER TABLE `book_requests`
  ADD CONSTRAINT `book_requests_book_id_foreign` FOREIGN KEY (`book_id`) REFERENCES `books` (`id`) ON DELETE CASCADE,
  ADD CONSTRAINT `book_requests_user_id_foreign` FOREIGN KEY (`user_id`) REFERENCES `users` (`id`) ON DELETE CASCADE;

--
-- Constraints for table `exam_records`
--
ALTER TABLE `exam_records`
  ADD CONSTRAINT `exam_records_exam_id_foreign` FOREIGN KEY (`exam_id`) REFERENCES `exams` (`id`) ON DELETE CASCADE,
  ADD CONSTRAINT `exam_records_my_class_id_foreign` FOREIGN KEY (`my_class_id`) REFERENCES `my_classes` (`id`) ON DELETE CASCADE,
  ADD CONSTRAINT `exam_records_section_id_foreign` FOREIGN KEY (`section_id`) REFERENCES `sections` (`id`) ON DELETE CASCADE,
  ADD CONSTRAINT `exam_records_student_id_foreign` FOREIGN KEY (`student_id`) REFERENCES `users` (`id`) ON DELETE CASCADE;

--
-- Constraints for table `grades`
--
ALTER TABLE `grades`
  ADD CONSTRAINT `grades_class_type_id_foreign` FOREIGN KEY (`class_type_id`) REFERENCES `class_types` (`id`) ON DELETE CASCADE;

--
-- Constraints for table `lgas`
--
ALTER TABLE `lgas`
  ADD CONSTRAINT `lgas_state_id_foreign` FOREIGN KEY (`state_id`) REFERENCES `states` (`id`) ON DELETE CASCADE;

--
-- Constraints for table `marks`
--
ALTER TABLE `marks`
  ADD CONSTRAINT `marks_exam_id_foreign` FOREIGN KEY (`exam_id`) REFERENCES `exams` (`id`) ON DELETE CASCADE,
  ADD CONSTRAINT `marks_grade_id_foreign` FOREIGN KEY (`grade_id`) REFERENCES `grades` (`id`) ON DELETE SET NULL,
  ADD CONSTRAINT `marks_my_class_id_foreign` FOREIGN KEY (`my_class_id`) REFERENCES `my_classes` (`id`) ON DELETE CASCADE,
  ADD CONSTRAINT `marks_section_id_foreign` FOREIGN KEY (`section_id`) REFERENCES `sections` (`id`) ON DELETE CASCADE,
  ADD CONSTRAINT `marks_student_id_foreign` FOREIGN KEY (`student_id`) REFERENCES `users` (`id`) ON DELETE CASCADE,
  ADD CONSTRAINT `marks_subject_id_foreign` FOREIGN KEY (`subject_id`) REFERENCES `subjects` (`id`) ON DELETE CASCADE;

--
-- Constraints for table `my_classes`
--
ALTER TABLE `my_classes`
  ADD CONSTRAINT `my_classes_class_type_id_foreign` FOREIGN KEY (`class_type_id`) REFERENCES `class_types` (`id`) ON DELETE SET NULL;

--
-- Constraints for table `payments`
--
ALTER TABLE `payments`
  ADD CONSTRAINT `payments_my_class_id_foreign` FOREIGN KEY (`my_class_id`) REFERENCES `my_classes` (`id`) ON DELETE CASCADE;

--
-- Constraints for table `payment_records`
--
ALTER TABLE `payment_records`
  ADD CONSTRAINT `payment_records_payment_id_foreign` FOREIGN KEY (`payment_id`) REFERENCES `payments` (`id`) ON DELETE CASCADE,
  ADD CONSTRAINT `payment_records_student_id_foreign` FOREIGN KEY (`student_id`) REFERENCES `users` (`id`) ON DELETE CASCADE;

--
-- Constraints for table `pins`
--
ALTER TABLE `pins`
  ADD CONSTRAINT `pins_student_id_foreign` FOREIGN KEY (`student_id`) REFERENCES `users` (`id`) ON DELETE CASCADE,
  ADD CONSTRAINT `pins_user_id_foreign` FOREIGN KEY (`user_id`) REFERENCES `users` (`id`) ON DELETE CASCADE;

--
-- Constraints for table `promotions`
--
ALTER TABLE `promotions`
  ADD CONSTRAINT `promotions_from_class_foreign` FOREIGN KEY (`from_class`) REFERENCES `my_classes` (`id`) ON DELETE CASCADE,
  ADD CONSTRAINT `promotions_from_section_foreign` FOREIGN KEY (`from_section`) REFERENCES `sections` (`id`) ON DELETE CASCADE,
  ADD CONSTRAINT `promotions_student_id_foreign` FOREIGN KEY (`student_id`) REFERENCES `users` (`id`) ON DELETE CASCADE,
  ADD CONSTRAINT `promotions_to_class_foreign` FOREIGN KEY (`to_class`) REFERENCES `my_classes` (`id`) ON DELETE CASCADE,
  ADD CONSTRAINT `promotions_to_section_foreign` FOREIGN KEY (`to_section`) REFERENCES `sections` (`id`) ON DELETE CASCADE;

--
-- Constraints for table `receipts`
--
ALTER TABLE `receipts`
  ADD CONSTRAINT `receipts_pr_id_foreign` FOREIGN KEY (`pr_id`) REFERENCES `payment_records` (`id`) ON DELETE CASCADE;

--
-- Constraints for table `sections`
--
ALTER TABLE `sections`
  ADD CONSTRAINT `sections_my_class_id_foreign` FOREIGN KEY (`my_class_id`) REFERENCES `my_classes` (`id`) ON DELETE CASCADE,
  ADD CONSTRAINT `sections_teacher_id_foreign` FOREIGN KEY (`teacher_id`) REFERENCES `users` (`id`) ON DELETE SET NULL;

--
-- Constraints for table `staff_records`
--
ALTER TABLE `staff_records`
  ADD CONSTRAINT `staff_records_user_id_foreign` FOREIGN KEY (`user_id`) REFERENCES `users` (`id`) ON DELETE CASCADE;

--
-- Constraints for table `student_records`
--
ALTER TABLE `student_records`
  ADD CONSTRAINT `student_records_dorm_id_foreign` FOREIGN KEY (`dorm_id`) REFERENCES `dorms` (`id`) ON DELETE SET NULL,
  ADD CONSTRAINT `student_records_my_class_id_foreign` FOREIGN KEY (`my_class_id`) REFERENCES `my_classes` (`id`) ON DELETE CASCADE,
  ADD CONSTRAINT `student_records_my_parent_id_foreign` FOREIGN KEY (`my_parent_id`) REFERENCES `users` (`id`) ON DELETE SET NULL,
  ADD CONSTRAINT `student_records_section_id_foreign` FOREIGN KEY (`section_id`) REFERENCES `sections` (`id`) ON DELETE CASCADE,
  ADD CONSTRAINT `student_records_user_id_foreign` FOREIGN KEY (`user_id`) REFERENCES `users` (`id`) ON DELETE CASCADE;

--
-- Constraints for table `subjects`
--
ALTER TABLE `subjects`
  ADD CONSTRAINT `subjects_my_class_id_foreign` FOREIGN KEY (`my_class_id`) REFERENCES `my_classes` (`id`) ON DELETE CASCADE,
  ADD CONSTRAINT `subjects_teacher_id_foreign` FOREIGN KEY (`teacher_id`) REFERENCES `users` (`id`);

--
-- Constraints for table `time_slots`
--
ALTER TABLE `time_slots`
  ADD CONSTRAINT `time_slots_ttr_id_foreign` FOREIGN KEY (`ttr_id`) REFERENCES `time_table_records` (`id`) ON DELETE CASCADE;

--
-- Constraints for table `time_tables`
--
ALTER TABLE `time_tables`
  ADD CONSTRAINT `time_tables_subject_id_foreign` FOREIGN KEY (`subject_id`) REFERENCES `subjects` (`id`) ON DELETE CASCADE,
  ADD CONSTRAINT `time_tables_ts_id_foreign` FOREIGN KEY (`ts_id`) REFERENCES `time_slots` (`id`) ON DELETE CASCADE,
  ADD CONSTRAINT `time_tables_ttr_id_foreign` FOREIGN KEY (`ttr_id`) REFERENCES `time_table_records` (`id`) ON DELETE CASCADE;

--
-- Constraints for table `time_table_records`
--
ALTER TABLE `time_table_records`
  ADD CONSTRAINT `time_table_records_exam_id_foreign` FOREIGN KEY (`exam_id`) REFERENCES `exams` (`id`) ON DELETE CASCADE,
  ADD CONSTRAINT `time_table_records_my_class_id_foreign` FOREIGN KEY (`my_class_id`) REFERENCES `my_classes` (`id`) ON DELETE CASCADE;

--
-- Constraints for table `users`
--
ALTER TABLE `users`
  ADD CONSTRAINT `users_bg_id_foreign` FOREIGN KEY (`bg_id`) REFERENCES `blood_groups` (`id`) ON DELETE SET NULL,
  ADD CONSTRAINT `users_lga_id_foreign` FOREIGN KEY (`lga_id`) REFERENCES `lgas` (`id`) ON DELETE SET NULL,
  ADD CONSTRAINT `users_nal_id_foreign` FOREIGN KEY (`nal_id`) REFERENCES `nationalities` (`id`) ON DELETE SET NULL,
  ADD CONSTRAINT `users_state_id_foreign` FOREIGN KEY (`state_id`) REFERENCES `states` (`id`) ON DELETE SET NULL;
COMMIT;

/*!40101 SET CHARACTER_SET_CLIENT=@OLD_CHARACTER_SET_CLIENT */;
/*!40101 SET CHARACTER_SET_RESULTS=@OLD_CHARACTER_SET_RESULTS */;
/*!40101 SET COLLATION_CONNECTION=@OLD_COLLATION_CONNECTION */;
